lat,lon,age (Ma),ORE_TONNAGE_MT,CU_PERCENT,MO_PERCENT,AU_GT,AG_GT,weight
59.7779,-155.485,90, , , , , ,1
59.7981,-155.4219,90, , , , , ,1
29.8167,56.125, , , , , , ,1
38.8833,46.75,19.62, , , , , ,1
30.3035,55.3094,8.48, , , , , ,1
30.3106,55.3155,7.5, , , , , ,1
30.2232,55.2713,8.48, , , , , ,1
8.48778,-77.32139,48.1,625,0.77, , , ,5
50.58531,-120.31832,204, , , , , ,1
-14.2,-74.45, , , , , , ,1
50.58891,-120.32672,204, , , , , ,1
38.2434,36.7189,83.25, , , , , ,1
39.16506,-118.77815, , , , , , ,1
50.66111,-120.51502,204,105.7,0.97, ,0.74,2.78,4
38.5239,30.3653,11.63, , , , , ,1
38.9219,46.1882,44.2,125,0.56,0.025,0.6, ,4
54.5833,89.2,388,310.5,0.032,0.05, , ,5
9.172,125.568,12.81, , , , , ,1
32.665,59.063,39.52, , , , , ,1
39.9181,26.9413,26.9,1.9, , ,0.53, ,2
-27.37083,-66.28,5.61,1752.034,0.421,0.0331,0.178,2.966,6
-8.55972,-77.89667,12.5,242.8,0.322,0.0242, , ,4
48.6333,103.8583, , , , , , ,1
54.45,96.2167,290, , , , , ,1
38.3995,47.4716,19.62, , , , , ,1
46.99,79.93,330,1529,0.38,0.01,0.04, ,6
38.9785,46.2077,42, , , , , ,1
62.31728,23.62052,1885, , , , , ,1
64.2287,-143.9312,105.8, , , , , ,1
-1.226,132.854,3.96, , , , , ,1
67.0725,20.9575,1887,3073,0.185,0.0024,0.113,0.969,6
50.60811,-120.40442,198.5,450.2,0.29, ,0.19, ,5
32.35694,-112.86528,63,437,0.4,0.01,0.06,0.8,5
41.15833,22.75,44.52, , , , , ,1
53.436,96.5834,517.3,928,0.52, ,0.1, ,6
46.96956,79.97949,329.1,2203.556,0.328,0.0074,0.04, ,6
57.7442,-130.33532,205, , , , , ,1
49.34251,-120.51892,195,29,0.35, ,0.16, ,3
43.4,107.7167,290,1.987,0.801, , , ,2
36.395,50.937,6.8, , , , , ,1
40.0171,26.7772,28.3, , , , , ,1
57.83755,61.75112,411, , , , , ,1
40.47778,23.77083, , , , , , ,1
-31.3,-69.36667,279.6, , , , , ,1
31.649,53.828,16.5,40,0.73,0.0059, ,19,3
37.40694,-108.08806,70.3,200,0.4, , , ,4
37.40694,-108.08806,67.5,200,0.4, , , ,4
-32.54985,148.17342,436.5, , , , , ,1
-13.23472,-75.91667, ,150,0.3,0.035, , ,4
48.67757,73.94613,310,189.4,0.33,0.06, , ,4
42.81747,71.72863, , , , , , ,1
46.131,23.103,12.81, , , , , ,1
-15.81667,-73.58333, , , , , , ,1
29.5,-5.0, ,6.03,0.87, , ,12,2
-0.628,132.604, , , , , , ,1
45.6333,98.1, , , , , , ,1
-8.16667,-78.18333,7.99, , , , , ,1
36.25,49.1667,28.59, , , , , ,1
38.7,46.9333,19.62, , , , , ,1
7.35,126.06667,17.79,110,0.3, ,0.433,2.5,4
29.2265,61.646,19.5, , , , , ,1
44.4633,107.7268,290, , , , , ,1
49.5083,105.0219,290, , , , , ,1
43.668,107.1182,290, , , , , ,1
16.34966,120.65376,0.51, , , , , ,1
-32.7189,140.2055,502,4,0.6, , , ,2
32.992,55.3756,44.95, , , , , ,1
38.3333,47.2167,19.62, , , , , ,1
-30.24667,-71.0925,112,631.6,0.32, ,0.109, ,5
-5.547,148.964, , , , , , ,1
52.35,88.15, , , , , , ,1
42.505435,72.961332,464.7,15.998,0.398657957,,1.046426428,,2
-24.39833,-69.6075, , , , , , ,1
-14.18333,-75.14833, , , , , , ,1
-2.091,146.873, , , , , , ,1
38.6833,46.9333,30.8, , , , , ,1
32.0667,119.1,108, , , , , ,1
57.0594,-131.54952,48.5, ,0.15, , , ,1
38.96,-119.27,166,2821,0.265,0.0063,0.027,0.565,6
51.97421,-121.31282, , , , , , ,1
38.8205,46.3701,19.62, , , , , ,1
-9.53333,-77.05,10, , , , , ,1
-14.96,-71.34667,36,851,0.481,0.005,0.101,1.292,6
-14.34437,-72.96481, ,426.1,0.299,0.0092, , ,5
-22.5333,-69.9167,141.7,1255.1,0.31, , , ,6
40.32387,-106.24867, , , , , , ,1
44.7603,120.556,131.2, , , , , ,1
44.6331,119.603,148.3, , , , , ,1
55.32361,-124.87942,186.9, , , , , ,1
48.75,102.8833,290, , , , , ,1
49.0,113.85,290, , , , , ,1
27.99328,-113.42896, , , , , , ,1
41.1335,41.9541,50.4,66.4,0.17,0.006,0.44,1.55,3
40.4099,42.0566,83.25, , , , , ,1
27.8156,99.8388, , , , , , ,1
43.767,107.775,290, , , , , ,1
35.858,58.623,39.52, , , , , ,1
-2.047,146.87,15,164,0.32, ,0.1,1.7,4
22.0658,-80.28977, ,88.8,0.27, ,1,2,3
-25.10556,-67.76667,15.46,58.32,0.145, ,0.302, ,3
41.89177,27.57255,80.94, , , , , ,1
60.904,23.60976,1890, , , , , ,1
-30.5,-69.75,11.7, , , , , ,1
-43.27,-71.02,83.25, , , , , ,1
49.8333,105.9,290, , , , , ,1
57.29307,61.94283,405, , , , , ,1
46.2667,102.8,290, , , , , ,1
20.902,-76.706, , , , , , ,1
67.22394,163.71899, , ,0.7,0.03,0.4,3,1
42.54438,24.13671,91.5,143,0.43, ,0.19, ,4
38.7083,46.4167,19.62, , , , , ,1
33.7167,49.2917,168.8, , , , , ,1
-26.97455,-69.9875, ,257.5,0.25,0.0042,0.21, ,5
10.33573,123.72756,110.2,1420,0.448,0.018,0.24,1.8,6
55.91331,-125.29172,177.4,9.072,0.7, , , ,2
55.74001,-125.43002, , , , , , ,1
60.8,144.26667, , , , , , ,1
51.95781,-121.28562,219.15,1.991,0.6, ,2.32,5.37,2
28.52661,-109.62139,55.8, , , , , ,1
45.9488,116.162,290, , , , , ,1
41.0236,40.927,49.95, , , , , ,1
49.65223,-120.52613,204,71.1,0.39, , , ,3
9.43333,122.7,19.5,40,0.3,0.022,0.08,1.5,3
7.05,126.117,12.81, , , , , ,1
39.2616,27.113,20.1,5.8,0.6, , , ,2
40.9531,41.1002,82.8, , , , , ,1
38.99,46.2,42.62,51.6,0.172,0.042,0.05,0.11,3
9.9,123.12,24.94, , , , , ,1
48.85,103.3639,290, , , , , ,1
38.77103,-117.82705, ,96.074,0.068,0.048, , ,4
17.58333,120.83333, , , , , , ,1
46.122,23.129,12.81, , , , , ,1
49.5821,118.571, , , , , , ,1
54.85361,-126.00222,51, , , , , ,1
49.8232,118.825,227,43.5,0.44,0.02, , ,3
30.2688,55.4795, , , , , , ,1
34.58583,-113.21194,71.8,2501,0.293,0.0152, ,1.019,6
63.67,-141.1,77.5, , , , , ,1
29.827,55.996,17.8,24,0.27, , , ,2
39.439,38.5817,51.9, , , , , ,1
29.0583,57.4917,25.43, , , , , ,1
27.01506,-108.12125,65.7,604.685,0.394,0.0079,0.032,3.911,5
-5.95,142.53,1.7, , , , , ,1
44.21902,131.33384, , , , , , ,1
42.41639,119.82667,236,27.771,0.49,0.08, , ,3
42.2269,112.502,445,65,0.8,0.007,0.3,2.84,3
40.6331,99.4466, ,17.9,1.17, ,14, ,2
49.21877,75.67703,310, , , , , ,1
29.9965,114.973, ,15.641,0.78, , , ,2
34.53,58.275,76.6, , , , , ,1
-27.26667,-66.65,7, , , , , ,1
-27.32972,-66.60889,7.1,605,0.54, ,0.64, ,5
-48.075,-67.30833,200, , , , , ,1
-27.4,-66.55,7.1, , , , , ,1
-27.28333,-66.56667,7.9,200,0.32, ,0.12, ,4
40.9609,35.3959,38,200,0.18,0.001, , ,4
16.7,120.74, , , , , , ,1
10.13333,124.25, ,5,0.8, , , ,2
17.38232,121.149,0.65,70,0.6, ,0.2, ,3
31.74,85.53,88.9,1.449,0.69, , , ,2
38.2791,27.5602,14.18, , , , , ,1
41.0204,41.445,62.3,145,0.22,0.001, , ,4
39.8505,33.7312,73.6, , , , , ,1
57.27834,-130.41669, , , , , , ,1
56.6652,-5.1785, , , , , , ,1
-6.869,156.066,3.96, , , , , ,1
38.75,46.6167,19.62, , , , , ,1
-1.66667,-79.15,20.7, , , , , ,1
30.854,117.38,154.25, , , , , ,1
29.889,55.998,30.86, , , , , ,1
29.91493,91.96628,15.6, , , , , ,1
-20.13699,146.75008,395, , , , , ,1
29.40158,88.45088, , , , , , ,1
48.47064,18.89865,13.2,210,0.35,0.001,0.23,9.5,4
45.5011,84.4781,310,225,0.28,0.011,0.1,1.8,4
31.75,97.41667,42.6,95.5,0.22,0.06, , ,4
41.38,88.6333,275, , , , , ,1
-22.68333,-65.88333, , , , , , ,1
-0.5,113.18, , , , , , ,1
-20.10957,146.78779,395, , , , , ,1
46.4,111.2167, , , , , , ,1
9.481,122.682,34.4,214.099, , , , ,4
39.7038,34.7963,77.6, , , , , ,1
27.60762,-109.36668,57.5, , , , , ,1
52.82222,61.79468,301,165,0.66, ,0.15, ,4
13.68,121.2, , , , , , ,1
17.35449,121.0666,7,86.9,0.599,0.002,0.31,2,3
-8.96,116.87,3.7,1036.907,0.389, ,0.287,0.962,6
62.11056,-141.21194,111,140,0.2,0.01,0.01, ,4
50.61081,-127.51172,174, , , , , ,1
50.59611,-127.45582,174, , , , , ,1
50.63111,-127.52172,174, , , , , ,1
49.4361,103.6474,290, , , , , ,1
43.5873,101.7067,290, , , , , ,1
49.8003,106.2448,290, , , , , ,1
43.062,106.1452,290, , , , , ,1
44.16,99.5,290, , , , , ,1
48.7708,100.6833,290, , , , , ,1
48.12576,114.5395, , , , , , ,1
46.6833,104.8833,222, , , , , ,1
17.3,120.83857, , , , , , ,1
36.8917,47.3,19.62, , , , , ,1
39.4409,38.5638,51.9, , , , , ,1
-19.98549,147.62138,265, , , , , ,1
56.10314,-126.87447,187.7, , , , , ,1
62.2854,-149.4151, , , , , , ,1
56.11361,-126.88332,53, , , , , ,1
39.03,-119.18,168.4,453.6,0.4, , , ,5
46.34032,-112.07949,44.95,49.896,0.5, , , ,3
64.33667,160.33667,122.75, , , , , ,1
56.51667,-158.4,3.7,4.5,0.25,0.01, , ,2
44.7436,81.4257,301, , , , , ,1
49.83333,-91.0,2720,0.01,0.2,0.03,0.4, ,2
26.15,100.2,36.87,125,0.52, ,2.42,38.85,4
8.85245,-80.76733,28.47,41.27,0.227, ,0.5,0.771,3
55.00281,-126.23192,51,357,0.402, ,0.169, ,5
18.07208,-77.16538, ,13.177,0.35, ,0.17, ,2
51.30441,-124.41672,44.52, , , , , ,1
-21.2656,148.8679,122.75,20,0.3, , , ,2
47.81806,-66.34778, ,20.9,0.18,0.01, , ,2
51.22,61.77,312,537.015,0.403,0.0023,0.07,0.048,5
53.80361,-127.43502,48,650.6,0.285,0.0362, ,3.499,5
47.15,112.3333,290, , , , , ,1
-26.71797,-70.05616, ,30,0.291, , , ,3
41.2465,41.9838,40, , , , , ,1
41.2284,41.9516,112.7, , , , , ,1
-0.617,113.417,28.47,64.7,0.623, , , ,3
48.34614,76.25009,360,540,0.41,0.004, , ,5
50.49811,-120.98782,209,677,0.45,0.016,0.005,0.4,5
-26.3,-67.9,14, , , , , ,1
4.3458,96.51106, ,511,0.479,0.0123,0.13,1.267,5
29.6167,56.5167,8.48, , , , , ,1
29.8833,55.9833, , , , , , ,1
28.6511,60.9655,4.3, , , , , ,1
55.66306,-129.34863,187.7, , , , , ,1
49.94331,-120.59612,219.15, , , , , ,1
50.66281,-120.43672,205,3.266,0.71, ,0.44, ,2
54.80971,-126.89612,48.7,174.8,0.235,0.0076, , ,4
45.6,97.25, , , , , , ,1
-8.624,119.0, , , , , , ,1
40.52917,-112.15389,37,781,0.517,0.0355,0.218,2.529,6
55.97083,137.23056,78.25, , , , , ,1
55.77361,136.61889,78.25, , , , , ,1
54.99609,61.03853,347,4.7,0.7, , , ,2
31.43194,-109.90139,200,346.6,0.656, ,0.016,0.45,5
-5.225,144.008, , , , , , ,1
54.8735,-3.9761, , , , , , ,1
53.318,140.0665,78.25, , , , , ,1
19.55494,-71.96437, ,45.4,0.56, , , ,3
51.22251,-124.48892,63, , , , , ,1
65.28875,-106.80174, ,6.901,1.43,0.03,0.11,16.34,2
38.99959,-119.28127, ,129.95,0.194,0.0018,0.004,0.133,4
49.98081,-120.59862, , , , , , ,1
63.62,-141.48,71.5, , , , , ,1
45.35639,-113.99389, ,54.4,0.5, , , ,3
-32.45225,148.99388,436.5, , , , , ,1
-32.73333,116.3667,2707,870.7,0.103, ,0.628, ,6
29.5833,56.2583, , , , , , ,1
45.994,23.01,10.9,90,0.3, ,0.03, ,3
16.17,120.83, , , , , , ,1
9.40937,125.48393,12.81, , , , , ,1
32.8,83.5,119.4,760,0.5, ,0.2, ,6
-17.53333,-51.6,749, , , , , ,1
-9.4,159.733,25, , , , , ,1
10.11666,124.18333, , , , , , ,1
62.21667,-142.73333,113,453.6,0.3,0.02, , ,5
29.3833,57.2167,28.9,50,0.3,0.008, , ,3
17.46667,120.81667,10.49,225,0.283,0.005,0.26,4,4
6.03333,116.75, , , , , , ,1
44.08779,22.10124,86.1,800,0.825,0.002,0.388, ,6
40.9591,41.4135,79.76, , , , , ,1
53.79095,126.63513,122.9, , , , , ,1
47.19712,74.70864,315.9,175,0.34,0.011,0.3,3.4,4
56.4858,-130.27722,196, ,1.86, ,2.74, ,1
41.58,22.35,24.25, ,0.3, ,0.28,1.5,1
44.07191,22.1303,86.6,591.129,0.62,0.002,0.24,1.92,5
47.91,19.0143,15.2, , , , , ,1
17.3,121.01, ,82,0.52, ,0.19, ,3
64.37,-144.13, , , , , , ,1
38.86124,-118.44933, , , , , , ,1
30.92972,-6.30139, ,57.354,0.92, , ,7.408,3
-33.33535,148.84531,436.5, , , , , ,1
9.605,125.554,2.12,300,0.6, ,1, ,5
44.94499,22.03588,65, , , , , ,1
51.8462,74.2897,481,1220,0.339,0.0049,0.15,1.132,6
-35.75889,-71.19569,12, , , , , ,1
42.8417,22.96487,83.25, , , , , ,1
-32.93042,148.05468,439.2, , , , , ,1
46.116,23.169,12.81, , , , , ,1
49.87781,-120.00562,193.9,181.7,0.15,0.037,0.013,0.81,4
-6.0,-50.0,1872,50,1.22,0.0175,0.75, ,3
-23.9901,150.72452, ,982.3,0.19,0.0034, , ,6
56.6664,-131.09442,195.4,102,0.15,0.013,0.72,4.1,4
44.0742,107.8743,333.6, , , , , ,1
41.66666,22.34864,24.28,150,0.3, ,0.35,1,4
46.242,23.127,14.9,335,0.5, ,0.36, ,5
33.13665,-111.09072,57.5, , , , , ,1
40.61176,-117.05173,88,1297,0.058,0.034, , ,6
38.99259,-119.35363, , , , , , ,1
17.43333,120.88333, , , , , , ,1
49.44471,-120.43472,193, , , , , ,1
49.42471,-120.45722,193, , , , , ,1
7.77,125.34, , , , , , ,1
45.9167,104.3,290, , , , , ,1
43.6167,105.9667,290, , , , , ,1
44.9991,121.426,166, , , , , ,1
-22.53,-69.92,137,219,0.36, , , ,4
40.60524,-117.24962,44.95, , , , , ,1
49.1833,99.7,290, , , , , ,1
49.5493,83.828,290, , , , , ,1
29.1614,62.0681,11, , , , , ,1
45.5296,105.8025,285.93, , , , , ,1
0.95194,121.77056,8.75,14.4,0.61, ,0.68, ,2
47.21,93.1166, , , , , , ,1
16.267,120.633, ,21.7,0.2, ,0.3, ,2
44.1826,107.9284,290, , , , , ,1
48.7,102.8167,290, , , , , ,1
48.6208,101.1333, , , , , , ,1
63.478,-142.806, , , , , , ,1
-36.86667,-70.66667,49.95, ,0.044,0.0018,0.35, ,1
39.8,-115.15, , , , , , ,1
44.45,108.3,290, , , , , ,1
29.4327,64.4712,19.5, , , , , ,1
50.51061,-120.93502,206.3, , , , , ,1
41.97417,27.53444,80.5, , , , , ,1
51.50102,118.55069,157.2,23.074,1.135, ,2.6,4.088,2
51.479,118.539, ,288,0.71, ,0.81,3.63,5
19.68125,-96.45305, , , , , , ,1
7.55,126.16667,10, , , , , ,1
-33.46,149.01,441.8,2861.5,0.26, ,0.402,0.573,6
-33.46,149.0,450.7,299,0.162, ,0.425,0.573,5
40.3798,27.1531,53, , , , , ,1
40.53194,8.365,27.5,189,0.069, , ,0.5,4
-25.86836,152.22869,242.5, , , , , ,1
7.31667,-72.86667,144, , , , , ,1
-24.05443,151.25447,220, , , , , ,1
13.7,121.244, , , , , , ,1
12.3,122.05,4.39, , , , , ,1
45.56864,22.29955,72.2, , , , , ,1
13.65,121.233, , , , , , ,1
55.08251,-124.58502,186.9, , , , , ,1
16.32083,120.60417, , , , , , ,1
49.90695,-125.61557, , , , , , ,1
-38.25,-70.58333,61,90.9,0.398, ,0.105, ,3
30.95414,-110.32212,59.3,8623.409,0.417,0.0044, , ,6
-6.08333,-79.28333,16.8,1453.7,0.353, ,0.053,1.559,6
-3.48277,-79.8175,23.51,733.3,0.097,0.002,0.501,0.689,6
14.75,121.992,34.4, , , , , ,1
-23.07463,-69.09467,41.3,1222,0.42,0.014,0.15,0.2,6
-33.35331,149.24953,436.5, , , , , ,1
-30.96603,116.61413,2700,1180,0.24,0.0048, , ,6
39.17056,8.49639,30, , , , , ,1
-33.4287,148.8012,447.5,27,0.2, , , ,3
43.09306,-111.32306,50, , , , , ,1
62.03333,-141.58333,111,16,0.15, , , ,2
33.385,-110.98889, ,5.046,0.448, , , ,2
16.56667,120.633, , , , , , ,1
-30.0,-69.16667,268.5, , , , , ,1
32.89725,-111.88054,64.5,1450,0.588,0.008,0.011,0.33,6
0.74867,-78.33188, ,558,0.58, ,0.52,1.65,5
-28.18678,-69.52465,39.52,1350,0.32,0.0098, , ,6
62.4292,-137.62002,76.4,36.29,0.17,0.018, , ,3
62.7378,-138.82812,74.7,3414.8,0.15,0.0185,0.192,1.513,6
-27.69143,-69.34261,25.38,1477.7,0.191, ,0.492,1.132,6
19.60608,-72.79325,66,8.5,0.976, ,0.353, ,2
33.41328,-110.9634,59.1,1572.9,0.28,0.005, , ,6
49.25641,-125.98082,49,319.311,0.384, , , ,5
45.53611,-70.21694,444,18,0.556,0.06, , ,2
63.3167,-146.5973, , , , , , ,1
31.41667,-104.8833,36.1,26,0.04,0.146, , ,3
49.89333,-74.29222, ,0.249,0.97, ,5.45, ,2
40.749,41.4578,83.25, , , , , ,1
-23.16333,-69.16833,45.4,3553.4,0.383,0.0109,0.118, ,6
-33.64,147.46,451.4, , , , , ,1
43.478,20.485, , , , , , ,1
44.165,22.029,83.25,316, , , , ,5
35.47881,-106.12216, , , , , , ,1
18.25971,-100.44833, , , , , , ,1
9.22988,-79.43005,56.34, , , , , ,1
-32.05,-69.58333, , , , , , ,1
-27.79025,-69.28423,13.89,1197.603,0.219, ,1.521, ,6
8.6603,-82.1023,3.6,37.4,0.931,,0.16,3.136,3
-42.13,-71.35, , , , , , ,1
26.25472,-107.33309,46.3, , , , , ,1
8.5103,-81.7966,4.3,4500,0.45,0.015,0.11, ,6
-17.68167,-69.90083,55,220,1.01,0.015, , ,4
-20.04472,-69.25972,54.7,405,0.573, , , ,5
27.11037,-107.71058,54.7, , , , , ,1
-6.76167,-78.60583,13.35,102.045,0.41, ,0.846, ,4
21.07501,-101.02757,30,627,0.107, ,0.226,10.282,5
18.87856,-70.44695, , , , , , ,1
-31.95,-70.05,13, , , , , ,1
-16.54583,-71.55278,57,70,0.53, , , ,3
-24.97148,-68.0986,28.47,40,0.5, , , ,3
-16.53528,-71.59167,58.9,4686,0.384,0.0118, ,1.473,6
39.2726,39.0418,24.9,445.73,0.38,0.0048,0.11, ,5
40.7773,41.4045,83.25, , , , , ,1
42.6332,110.449,263, , , , , ,1
35.4833,54.8917, , , , , , ,1
31.738,59.012,33.3, , , , , ,1
35.3583,54.1833, , , , , , ,1
33.3833,53.6833, , , , , , ,1
29.5917,56.1833,14, , , , , ,1
31.7582,53.2725,19.62, , , , , ,1
30.3984,55.0158,16.19,149.1,0.41, , , ,4
32.95,54.1833,44.95, , , , , ,1
-6.915,-78.35944,15.58,190,0.28, ,0.77, ,4
38.8167,46.1667,28.59, , , , , ,1
45.8202,111.4317, , , , , , ,1
45.3333,98.2833, , , , , , ,1
22.77407,103.01389,36,5.683,1.5,0.122,6, ,2
44.41918,127.00762,182.1, , , , , ,1
32.08,98.6667,214.97, , , , , ,1
49.4422,116.896, , , , , , ,1
22.77407,103.01389, , , , , , ,1
-14.25,-49.36667,875,783.966,0.263, ,0.229, ,6
-16.77361,-71.35778,50,43.874,1.17, , , ,3
57.61389,139.34722,78.25, , , , , ,1
51.17671,-123.67142, , , , , , ,1
-1.38333,-79.11667,20, , , , , ,1
43.61994,74.26174, ,90.7,0.6, , , ,3
-2.93333,-79.41667,9.71,400,0.4, , , ,5
-14.23333,-75.41667,100, , , , , ,1
30.2328,60.118,33.6,14,1.5, ,0.14,22,2
42.4191,118.507,257.5,178.6,0.14,0.07, , ,4
56.76725,137.0195, , , , , , ,1
29.6813,115.805,142.3,409,0.75,0.047,0.24,9.9,5
-35.35444,-68.38944, ,0.445,0.556, ,2.218,9.507,2
36.2167,46.4333,81.05, , , , , ,1
57.61806,139.45556,78.25, , , , , ,1
38.7333,46.4083,19.62, , , , , ,1
46.47128,-112.17965, , , , , , ,1
49.86667,-74.23333,2715.2,11.203,0.383, ,0.019, ,2
-34.2268,147.39855,436.4, , , , , ,1
62.25,-158.0,70,14.5,0.09, ,1.2, ,2
42.164,93.0235,322, , , , , ,1
33.06528,-110.79611, ,198.677,0.3, , , ,4
29.99139,115.09917, ,0.553,0.842,0.007, , ,2
-24.13333,-69.08333,41.8,180,0.8, , , ,4
23.43333,121.45,21.5,7.3,0.3, ,0.45, ,2
41.35,110.075, , , , , , ,1
-25.2303,151.617,242.5,200,0.2, ,0.33, ,4
32.79262,-108.07022,59.5,2149,0.299,0.0013,0.005,0.068,6
48.8321,139.7679,78.25, , , , , ,1
51.25001,-123.53562,83.25, , , , , ,1
29.26809,91.90867,21.35, , , , , ,1
29.58333,90.0,13.99,74.627,0.67, ,0.12,5,3
41.24333,74.14333, ,0.38,0.883,0.006,0.43, ,2
42.63642,72.60751,460, , , , , ,1
42.624,23.272,83.25, , , , , ,1
33.06,-110.74528,63.5,201,0.39, ,0.05,1,4
51.37611,-120.07083, ,627.19,0.035,0.056, , ,5
55.26311,-124.54532,183, , , , , ,1
29.67616,92.67804,14.18, , , , , ,1
47.3336,112.6039,290, , , , , ,1
27.9551,99.8572, , , , , , ,1
-22.275,-68.9,32.2,15153,0.434, ,0.04, ,6
45.04332,21.74255,68.75, , , , , ,1
-7.22,106.56,15.2, , , , , ,1
46.09536,22.89993,11.35, , , , , ,1
50.29221,-120.63692, , , , , , ,1
18.5383,121.10814, , , , , , ,1
51.88031,-120.92172, , , , , , ,1
44.25411,-109.72664,44.95, , , , , ,1
-25.6168,151.83,231.5,26.86,0.38, , , ,3
8.82983,-80.66394,34.5,6405,0.301,0.0065,0.05,1.152,6
29.8767,-109.98541,57.5, , , , , ,1
52.81441,-3.93195,477.7,200,0.3, , , ,4
45.55,22.35,65, , , , , ,1
12.18333,122.05, , , , , , ,1
49.74561,-120.53252, , , , , , ,1
55.24921,-124.75922,186.9, , , , , ,1
53.53331,-127.23332,86, , , , , ,1
-20.96306,-68.70833,33.3,9978,0.811,0.0219, , ,6
46.14107,22.90776, ,156.4,0.11, ,0.54, ,4
50.5314,-125.20252, ,0.118,2.5, , , ,2
7.476,126.131,12.81,32.675,0.42, ,0.13, ,3
-21.94144,-68.73692,35.34,648,0.58, , , ,5
17.70266,121.39475, , , , , , ,1
-14.46167,-71.76667,42.5,1186,0.25,0.0075,0.045,2.507,6
41.76694,-114.76694,150,205.113,0.197, , , ,4
32.85011,-108.08391, ,9.3,1.98, , , ,2
46.01722,-112.51111,62.5,5113,0.48,0.033,0.004,4.9,6
-20.90167,-68.88528,36.3,50,0.3,0.1, , ,3
39.4285,38.5024,44.6,122.8,0.1, ,1.7,4.8,4
52.61667,-122.30279,187.7, , , , , ,1
34.49064,-112.58788,64,226.8,0.4,0.0145, , ,4
33.14768,-111.06302,57.5, , , , , ,1
50.17311,-121.20442, , , , , , ,1
40.54694,-117.12667,37.2,56.8,0.48, ,0.77,14,3
32.75,-110.48,61.4,301.99,0.641,0.0123,0.002,1.187,5
32.97032,-107.53392,74.9,301.981,0.225,0.0064,0.079,1.575,5
-33.0529,148.8687,449.1,86,0.364, ,0.322, ,3
-21.6575,119.95778,3425, , , , , ,1
41.145,-105.18611, ,109.76,0.168, ,0.339, ,4
49.33941,-120.55612,201.6,955,0.23, ,0.09,0.806,6
51.00171,-123.13972,83.25, , , , , ,1
38.51667,-118.1167, ,129,0.35, , , ,4
54.22921,-127.26782,48, , , , , ,1
51.03971,-123.37082,80, , , , , ,1
-20.53922,148.29926,132,35,0.16,0.01, , ,3
-20.88889,120.10833,3291,1051.289,0.075,0.0422, ,1.213,6
-14.95222,-71.2625,35.781,336,1.055, ,0.099,3.528,5
24.19262,-105.81608, , , , , , ,1
-14.18111,-72.34806,35.7,1224.504,0.239,0.002,0.132,2.065,6
47.55,-81.93,2636,365.5, , ,0.88, ,5
46.08333,-60.36667,626,0.405,3.15, ,1.2,85,2
50.66471,-120.46832,205,1.448,0.44, ,0.18, ,2
35.48333,-115.13333,94, , , , , ,1
54.28778,-126.81696, , , , , , ,1
-17.04556,-70.70722,53.4,2098.877,0.5,0.0178, , ,6
28.38802,-109.645,55.7,763.772,0.18,0.0217, ,1.208,6
-34.21125,147.39406,436.4,8.7, , , , ,2
-4.01667,-78.88333,147, , , , , ,1
44.03495,-115.78361, ,5592.344,0.064,0.0438, ,2.11,6
29.87046,-109.96206,58.7,67,0.266,0.099, , ,3
62.09,-137.19892,58, , , , , ,1
-33.23448,148.85945,436.5, , , , , ,1
41.6391,97.4736, , , , , , ,1
49.4607,104.9454,290, , , , , ,1
39.9172,46.0429,19.62, , , , , ,1
34.2719,50.3242,21,8,0.5, ,0.75, ,2
40.81,69.63,320,3033,0.36, ,0.35, ,6
22.0,102.0, ,15.239,1.68, , ,58.3,2
6.13333,124.70833,14.18, , , , , ,1
-26.26667,-69.61667, ,169,0.56, , , ,4
40.1769,46.8266,135, , , , , ,1
41.6265,22.3445, , , , , , ,1
33.8986,110.283, , , , , , ,1
42.7314,93.3671,290, , , , , ,1
-2.847,101.934,12.81, , , , , ,1
-1.089,100.704,3.96, , , , , ,1
29.4167,57.1,12.96,133,0.39,0.01,0.04, ,4
28.75,57.8583,19.62, , , , , ,1
29.071,62.594,10.9, , , , , ,1
30.2897,55.4008,14.18, , , , , ,1
61.69217,143.92023, , , , , , ,1
29.8838,55.909,15.66,282.6,0.38,0.004, , ,5
31.562,53.828,15.95,29,0.9,0.004, ,1,3
49.3224,105.1605,290, , , , , ,1
35.8667,50.4667,37.2, , , , , ,1
29.556,64.604,31.6,350,0.3,0.001, , ,5
29.2279,61.8448,19.62, , , , , ,1
39.3914,46.0148,40.22,9.6,0.95,0.043, , ,2
48.9333,97.7333,290, , , , , ,1
49.2626,103.931,290, , , , , ,1
48.1167,114.2653, , , , , , ,1
-3.771,136.551, , , , , , ,1
48.7828,102.9419,290, , , , , ,1
48.9333,97.9333,290, , , , , ,1
49.4399,104.9423,290, , , , , ,1
34.3793,100.13, , , , , , ,1
49.31421,-120.55722,201.6, , , , , ,1
62.01446,155.92773, ,800,0.5,0.02,0.05,1,6
31.126,59.275,33.6, , , , , ,1
29.9917,55.9917,30.86, , , , , ,1
40.36969,-115.0848, , , , , , ,1
-0.415,132.636, , , , , , ,1
29.60734,92.57632,14.18, , , , , ,1
40.6912,40.4016,49.95, , , , , ,1
41.89334,27.55854,80.94, , , , , ,1
39.414,38.447,51.9, , , , , ,1
39.886,29.639,83.25, , , , , ,1
41.92762,27.4021,76.96,270.5,0.28,0.003, , ,5
41.0833,41.8667,83.25, , , , , ,1
45.87,22.87,13.3,20,0.7, ,0.5, ,2
49.75,-74.317, ,2.289,1.874, ,0.194, ,2
39.00744,46.05747,39.52,14.4,0.44,0.015, , ,2
58.23444,-131.73307,219.15, , , , , ,1
41.075,23.14167, , , , , , ,1
16.3308,121.4531,24.8,66.3,0.383, ,1.053,2.082,3
40.1366,27.1467,49.3, , , , , ,1
40.50278,23.77917, , , , , , ,1
40.50417,23.79028, , , , , , ,1
16.56666,120.8, ,160,0.433,0.005,0.388,2.5,4
-17.2483,145.0806,285,20,0.25, , , ,2
55.82811,-125.30252,177.4, , , , , ,1
36.4,57.7083, , , , , , ,1
41.13889,22.94583,18, , , , , ,1
36.5,49.25,28.59, , , , , ,1
14.95881,120.33598,2.7,85.86,0.355,0.003,0.746,2,3
40.1399,46.777, , , , , , ,1
43.034,21.425,15, , , , , ,1
40.75277,45.91114,122.75,117,0.354, , , ,4
50.66471,-120.48582,204,2.685,0.38, ,0.27, ,2
50.00281,-119.77832, , , , , , ,1
43.75377,22.05609, , , , , , ,1
37.8021,31.8937,12.81, , , , , ,1
-37.58761,148.00351,406.25, , , , , ,1
41.16667,22.76111,44.52, , , , , ,1
50.11667,19.95,343, , , , , ,1
3.51667,-75.03333,166, , , , , ,1
-34.28333,-70.11667,3.419, , , , , ,1
48.25,-79.07,2700.1,36,0.15, , , ,3
29.38333,88.38333,14,420,0.65, ,0.7, ,5
35.5,128.633, , , , , , ,1
44.0044,82.4045,290, , , , , ,1
55.24781,-126.16812,51,40.82,0.25,0.01, , ,3
55.88531,-125.33752,184, , , , , ,1
26.70868,-100.98632, , , , , , ,1
-18.29,-69.72167,14, , , , , ,1
32.96149,-109.67455,58,545,0.497, ,0.041,0.828,5
50.32171,-120.84942,206.3,13.114,0.39,0.0037,0.025,2.362,2
19.55,-71.78333, ,189.491,0.3,0.0023,0.05,1.12,4
32.01759,-110.05114,57.5, , , , , ,1
42.892,22.874,83.25, , , , , ,1
46.044,22.954,12.81, , , , , ,1
41.175,22.8,44.52, , , , , ,1
29.55735,89.99865,14.18, , , , , ,1
44.0867,106.316,290, , , , , ,1
35.542,118.318, , , , , , ,1
49.34671,-120.54442,201.6, , , , , ,1
22.8833,121.1917, , , , , , ,1
44.23226,21.93225,80.73,790,0.23,0.001,0.2,0.1,6
46.1,111.0833,290, , , , , ,1
54.52358,59.5892, , , , , , ,1
50.2403,125.7779,475.9,951,0.46,0.13, , ,6
32.81667,83.4,118,287.234,0.94, ,0.21, ,5
32.8328,83.4406,118,750,0.72, ,0.23, ,6
31.03908,97.95421,37.5,248,0.38,0.04,0.06, ,5
41.1268,41.7303,83.25, , , , , ,1
38.5484,47.5368,35, , , , , ,1
4.213,97.209, , , , , , ,1
31.92209,-111.05708,57.5,90.72,0.53, , , ,3
52.6594,141.2488,78.25, , , , , ,1
55.18421,-124.86282,186.9,26.309,0.41, , ,3.4,3
44.38268,-110.00158,44.95, , , , , ,1
58.48391,-129.10722,186,102.5,0.296,0.0098,0.08, ,4
48.08333,-77.66667, ,5,0.2,0.02, , ,2
-21.92056,-68.8325,39.1,3266,0.435,0.0062,0.012,0.868,6
30.84482,-110.20095,60.9, , , , , ,1
28.03279,-113.39689,164.1,2206.646,0.413,0.0063, , ,6
-31.25,-67.36667,299.9, , , , , ,1
30.44958,-109.77138,56.8,4,0.6, , , ,2
20.14167,-75.95,52, , , , , ,1
29.89,-110.66056,53.6,293.8,0.052,0.0621, , ,5
27.43324,-114.30065, , , , , , ,1
-7.01667,-78.31667,17.43,1581,0.374,0.0109,0.093,2.36,6
-4.25,-78.95,157.4, , , , , ,1
-21.11667,-68.73333,251.5, , , , , ,1
-24.13333,-66.6,12.5, , , , , ,1
-31.76,-70.45,8.8,3097,0.482,0.0104, ,2.006,6
31.20577,-110.67355,73.9,482.852,0.258, , , ,5
28.41139,-108.11667, ,2.9,1.375, ,1.627,35.172,2
23.89624,-106.16112, , , , , , ,1
-30.93333,-69.63333, , , , , , ,1
-26.25417,-69.5506,41.5,4878,0.378, , , ,6
-32.65,-71.11,106,476,1.11, , , ,5
-22.98778,-69.07639,41.44,2489,0.38,0.012,0.1,0.2,6
-34.0886,-70.4625,6.3,17850,0.557, ,0.035, ,6
-34.09167,-70.33833, ,424,0.96, , , ,5
-22.91667,-69.06667, ,153,0.96, , , ,4
-8.965,117.377,2.45,1851.34,0.32, ,0.328,0.98,6
42.7545,24.033,92.2,350,0.39, ,0.26, ,5
40.77,37.46,75.9, , , , , ,1
40.6875,-117.08333,37.3, , , , , ,1
20.1603,-74.76995, ,11.3,1.12, ,0.124,28.7,2
65.27423,-150.02791,89, , , , , ,1
-13.76667,-75.71667, , , , , , ,1
-10.53194,-77.23306,61,321.7,0.316,0.029, ,2.61,5
62.8,-144.17, , , , , , ,1
38.90523,-114.9262, , , , , , ,1
-9.374,147.518, , , , , , ,1
39.26,-114.99944,110,370.057,0.453,0.014,0.177, ,5
30.2764,55.0999,8.48, , , , , ,1
40.5631,38.6469,77.2,2.87, ,2.87, , ,2
35.36253,-114.1918,57.5,2.114,0.6, , , ,2
45.26411,-110.65116, ,149.541,0.26, , , ,4
49.67081,-120.17562,166, , , , , ,1
-33.688,147.404,439.6, , , , , ,1
-33.748,147.48,463.5, , , , , ,1
-32.933,148.048,439.2,8.1,0.35, ,0.04, ,2
-32.928,148.063,439.2,6.6,0.35, ,0.39, ,2
-32.929,147.993,439.2,6.8,0.66, ,0.02, ,2
49.0212,104.1316,240.6,1780,0.62,0.01,0.01, ,6
48.9222,113.05,290, , , , , ,1
47.3167,112.5167,290, , , , , ,1
-34.13167,-69.96722, ,1428.541,0.25,0.006,0.035,0.597,6
-24.265,-69.07167,33.7,19186,0.544, ,0.19, ,6
40.9641,41.5717,80.7, , , , , ,1
40.5955,38.6349,49.95, , , , , ,1
-5.176,151.709,25, , , , , ,1
-22.96667,-69.05833,41.8,514,0.6, ,0.22, ,5
31.87047,-111.13458,56.2,2262,0.294,0.0292,0.003,1.2,6
-34.2449,147.4136,436.4,11,0.22,0.001,0.37, ,2
57.4872,138.6544, , , , , , ,1
20.25,-76.86667, , , , , , ,1
-21.9,-66.217, ,62,1, , , ,3
-33.84116,147.42523,436.5, , , , , ,1
67.6587,-149.2571,388, , , , , ,1
63.51667,158.56667, , , , , , ,1
39.81167,25.19222,19.5, , , , , ,1
55.20441,-125.09472,186.9, , , , , ,1
16.85833,120.78333,1.49,891.7,0.5, ,0.7,0.93,6
50.58441,-120.35172,204, , , , , ,1
-6.87055,156.0874,3.96, , , , , ,1
60.1853,-135.39082, , , , , , ,1
29.8189,115.449,144,105,0.38,0.05,0.37,20,4
-4.067,153.633, , , , , , ,1
-33.4823,149.11456,436.5, , , , , ,1
-3.58333,-79.33333,9.6,53.5,0.2, ,0.45, ,3
-27.38333,-66.21667,5,100,0.6, , , ,4
-28.49471,-69.662, ,458.8,0.34, ,0.3,10.4,5
40.41667,-117.21667,89.5, , , , , ,1
51.46361,-123.62562,77.2,1010.5,0.24, ,0.41, ,6
40.48855,23.7722,24.47,20,0.47, ,0.16, ,2
-16.7197,-71.39858, ,57.4,0.67, , , ,3
51.60811,-124.49172, , , , , , ,1
-23.41667,-69.5, ,566,0.26, , , ,5
22.14601,-79.67061, , , , , , ,1
55.607,-161.1, , , , , , ,1
31.39978,-110.73699,57.5,21.41,0.58, , , ,2
49.33171,-120.54892,201.6, , , , , ,1
49.30001,-120.56062,201.6, , , , , ,1
-4.7,141.78333,12.5,2777,0.47, ,0.23, ,6
-34.27572,148.84221,426.3, , , , , ,1
-29.1444,-70.95538, ,50.5,0.4, ,0.2, ,3
28.99806,117.75611,172,531.91,0.47,0.03,0.05, ,5
52.67,122.0,148.7, ,0.2-1.16,0.03-0.32, , ,1
42.0854,92.3229,330, , , , , ,1
49.48611,-120.45832,204, , , , , ,1
38.78167,-117.94917, ,167.942,0.221, ,0.37, ,4
-23.4086,-68.82088, ,1008,0.34, , , ,6
-3.05,-79.68333,20.6,356.4,0.09, ,0.6, ,5
-23.41083,-68.81889,41.5,675.1,0.082, ,0.533, ,5
47.1111,112.685,290, , , , , ,1
50.64331,-120.42332,204,3.2,0.65, ,0.34, ,2
57.11667,-131.45,208.8,1689.4,0.509, ,0.297,5.272,6
16.76724,120.78249, , , , , , ,1
49.51451,-123.36922, ,251.4,0.27,0.014,0.04,1.3,5
8.257,126.013,12.81, , , , , ,1
29.59579,89.95138,13.99, , , , , ,1
29.395,63.608,36.1, , , , , ,1
28.1385,99.8345, , , , , , ,1
10.37,-3.02,2165,285.268,0.318, ,0.347, ,5
15.28056,121.20139, , , , , , ,1
33.3213,80.3887,112, , , , , ,1
41.9471,43.6557,35, , , , , ,1
43.3333,104.4167,290, , , , , ,1
21.77102,-78.502, , , , , , ,1
48.96667,-65.51944,348,336,0.555,0.022,0.062,2.8,5
38.6004,47.1332,24.2, , , , , ,1
41.175,22.83889,44.52, , , , , ,1
32.0,82.0,85.5,6.7,0.9, , , ,2
33.1667,57.3583,65.1, , , , , ,1
40.58083,45.79479,138,12.1,0.3, ,0.9,8.9,2
52.7382,139.6222,78.25, , , , , ,1
30.44417,98.56466,43.8,101,0.5, ,0.37,2.65,4
38.9771,46.0497,19.62, , , , , ,1
39.8936,29.2749,46.4, , , , , ,1
49.68441,-125.41082,49, , , , , ,1
-33.36019,148.02978,436.5, , , , , ,1
-22.41082,-68.96891,38.1, , , , , ,1
50.54141,-120.99302,206.3,156.165,0.347,0.0028, , ,4
5.012,95.603,14, , , , , ,1
39.1484,45.9749,19.62, , , , , ,1
48.686,102.7427,290, , , , , ,1
38.6601,47.0017,19.62, , , , , ,1
38.85,46.4,28.2, , , , , ,1
38.8897,46.0639,39.52, , , , , ,1
62.6439,-137.30392,76.5, ,0.1, ,0.69,1.4,1
49.16667,-121.03333,22,245,0.27, ,0.2,2.7,4
52.51811,-122.28752,212.6,1036.93,0.249,0.0078, , ,6
-26.14043,152.4043,242.5, , , , , ,1
33.33285,-110.94352,61,39,0.4, , , ,3
48.19778,-120.97917,21,1900,0.334,0.009, , ,6
58.2536,-129.82672, ,30.388,0.389, , , ,3
58.2136,-131.79422,218, , , , , ,1
57.6558,-130.25892,205.1,71.22,0.397, ,0.398,2.2,3
29.4667,57.4417, , , , , , ,1
30.595,54.983, , , , , , ,1
30.2125,55.4361,14.18, , , , , ,1
46.34151,-111.99648, , , , , , ,1
63.0985,-147.745, , , , , , ,1
45.60269,-109.93598, , , , , , ,1
32.55304,-108.33111,57.5, , , , , ,1
48.21583,-121.33417, ,40,0.5, , , ,3
49.08333,-118.59167, ,0.205,0.53, ,10.67, ,2
-6.88333,146.45,8.781,1000,0.897, ,0.634,1.081,6
41.6359,97.2475,404, , , , , ,1
-33.51271,149.08149,436.5, , , , , ,1
30.3341,55.4896, , , , , , ,1
45.11481,-109.91009, , , , , , ,1
39.3341,45.8655,19.62, , , , , ,1
66.58041,175.51754,85, , , , , ,1
13.0,-1.33333, ,40,0.35, , , ,3
33.9826,52.4669,44.95, , , , , ,1
40.5134,46.0806,135, , , , , ,1
62.0775,-137.19362,76.5, , , , , ,1
42.79224,22.96288,83.25, , , , , ,1
19.60957,-72.40741, ,7.788, , ,1.2, ,2
54.94451,-126.15722,51.2,93,0.308, ,0.102, ,3
-4.0461,137.1144,2.54,4000,0.6, ,0.64,2,6
14.95528,120.30528, , , , , , ,1
-34.3165,147.46,436.4, , , , , ,1
-19.06329,144.74881, ,13,0.42, , , ,2
50.58141,-120.29752,204, , , , , ,1
57.12945,-130.63919,208.8, , , , , ,1
48.9833,116.433, , , , , , ,1
-32.93435,148.05647,439.2, , , , , ,1
62.7888,-144.0327, , , , , , ,1
-38.71,-71.33,83.25, , , , , ,1
23.82,114.017, , , , , , ,1
10.436,122.535,24.94, , , , , ,1
16.864,120.782,3.5,326,0.43, ,0.44, ,5
31.88,118.7, , , , , , ,1
60.29,-154.24, , , , , , ,1
56.47665,60.19157,390,0.462,1.35, , , ,2
41.1315,41.9562,50.82,80,0.5,0.0065,0.3, ,3
38.5833,46.7667,19.62, , , , , ,1
52.50331,-122.23392,215, , , , , ,1
32.08308,-110.03522,57.5,1025.952,0.28, , , ,6
62.1363,-149.2603, , , , , , ,1
39.8761,29.6344,28.47, , , , , ,1
39.89318,41.46878,47.49, , , , , ,1
29.3667,57.3083,14.18, , , , , ,1
46.6333,104.8,290, , , , , ,1
35.3,128.633,85, , , , , ,1
-5.796,146.23, , , , , , ,1
40.48187,39.22057,47.06, , , , , ,1
40.6616,39.5088,50.7,186.2,0.3,0.012, , ,4
22.88176,102.53972,35.47, , , , , ,1
38.8167,46.65,27.05,300,0.38,0.035, , ,5
-28.68333,17.85,1883.5,1353,0.23, , , ,6
35.9833,57.5833,99.7, , , , , ,1
17.16667,120.73333, ,35,0.5,0.005,0.35,2.5,3
39.9383,26.8537,39.56,533.183,0.192,0.006,0.217, ,5
63.19838,24.16763,1885, , , , , ,1
-18.43861,127.48944, ,95.6,0.27, , , ,4
34.2,59.8,44.95, , , , , ,1
46.12888,23.1554,13.8, , , , , ,1
39.22872,46.0539,43.14,10.4,0.45,0.038, , ,2
51.29081,-125.40442,7, , , , , ,1
32.84639,-108.09056,58.5,1406,0.34, ,0.01,9.5,6
39.24,46.07,43.14,10.4,0.45,0.038, , ,2
40.6307,44.4841,29.34,115,0.57,0.054,1.42, ,4
43.7461,120.409, , , , , , ,1
-14.16924,-72.34848,33.85,975,0.546, , , ,6
29.4833,56.6917, , , , , , ,1
37.405,47.374,28.47, , , , , ,1
56.74001,-126.32722, , , , , , ,1
44.0,105.3167,290, , , , , ,1
40.8467,40.3489, , , , , , ,1
55.18333,-126.31667, ,60,0.16, ,0.1, ,3
55.27081,-125.16282,186.9, , , , , ,1
49.24781,-125.95692,49, , , , , ,1
49.51781,-120.01362,193,22.99,0.161,0.04, , ,2
47.02583,-112.36,44.5,302,0.36,0.005,0.053,5.2,5
43.8003,95.2516,405, , , , , ,1
28.92,118.317, , , , , , ,1
18.24389,-66.8,38.3,90,0.6,0.001, , ,3
31.45805,97.57725,41.5, , , , , ,1
50.69391,-127.89252,193,0.045,0.8, , , ,2
50.304,5.912,419,20,0.17,0.02, , ,2
-9.36667,159.73333,22.5, , , , , ,1
50.48561,-121.04832,206.3,2040.4,0.269,0.0086, , ,6
50.43171,-120.99812,208.3,265,0.266,0.041,0.004,0.9,5
-3.61167,128.09167,3.55, , , , , ,1
50.74751,-120.63222,204, , , , , ,1
49.94061,-124.35922,83.25,82,0.3, , , ,3
9.71851,122.56153,30,319.3,0.35, ,0.14,0.34,5
40.5535,41.1024, , , , , , ,1
58.1895,-131.57672, , , , , , ,1
-34.1971,147.337,436.5, , , , , ,1
28.1284,99.889,78.9,30,1.01, , ,9,3
7.3125,126.07917,12.81, , , , , ,1
-32.97544,148.01254,439, , , , , ,1
62.05111,-141.21806,111,60,0.15, , , ,3
29.9083,55.75,19.62, , , , , ,1
39.0768,113.616, ,110,0.037, , , ,4
58.3447,-130.19082, , , , , , ,1
35.565,102.309,219.15, , , , , ,1
53.68111,-127.17812,82,240.884,0.301, , , ,4
-0.551,127.399, , , , , , ,1
50.67531,-127.85812,170,1977.42,0.108,0.0052,0.138, ,6
43.109,109.9301,290, , , , , ,1
0.8333,109.25,105, , , , , ,1
55.26667,157.63333,14.18, , , , , ,1
30.5333,54.9583,9.8,73.9,0.31, , , ,3
-3.978,136.119, , , , , , ,1
49.0633,113.1406,290, , , , , ,1
48.7167,100.3,290, , , , , ,1
40.685,40.7255,83.25, , , , , ,1
41.83334,27.71293,75,236.7,0.29,0.004, , ,4
47.0,23.0, ,0.3,0.6, ,0.3,11,2
40.7676,40.7029,83.25, , , , , ,1
45.48202,74.27606, , , , , , ,1
49.29391,-120.55562,201.6, , , , , ,1
35.3,129.233,69, , , , , ,1
41.46239,22.84332,25,256.8,0.217, ,0.319, ,5
23.657,-103.749, ,43.891,0.496, , , ,3
40.4784,41.7035, , , , , , ,1
9.85,122.45,24.94, , , , , ,1
-26.76611,-69.87139,63,460.1,0.409,0.063,0.104,1.623,5
-25.14444,-66.7625,15,30,0.6, , , ,3
49.63811,-120.96722, , , , , , ,1
45.21529,-110.21788, , , , , , ,1
-34.63889,-68.79361,265, , , , , ,1
4.18333,-75.3,131, , , , , ,1
49.2333,104.0167,290, , , , , ,1
18.88596,-101.66054,35.6,7,1.29, , , ,2
13.5,121.88333, ,50,0.5,0.005,0.03,1.3,3
49.17778,-121.03141,22,45.373,0.47, ,0.38,11.19,3
8.917,-78.817,28.47, , , , , ,1
-8.25,146.713,4.9, , , , , ,1
49.26581,-125.98692,49, , , , , ,1
-15.68088,-72.97453, ,49.8,0.37, , , ,3
50.65471,-120.43752,204,2.4,0.4, , , ,2
50.59971,-127.47502,174,390.1,0.33,0.009,0.1,0.83,5
38.3413,38.5219,81, , , , , ,1
40.5777,40.9047,130.1,140,0.27,0.022, , ,4
35.36235,-114.14265,73.3,1291.703,0.099,0.0299, ,2.544,6
-23.33083,-70.31625, ,24.853,1.25, , , ,2
55.8876,-159.4223,7.15, , , , , ,1
46.49056,25.58167,5, , , , , ,1
17.24703,-93.06021,3, , , , , ,1
49.54473,-118.41001, , , , , , ,1
50.47501,-120.97812,206.7,260,0.43,0.017, , ,5
45.3245,83.9633,290, , , , , ,1
56.23581,-127.32312, , , , , , ,1
52.53722,-122.31028, , , , , , ,1
29.0917,57.45, , , , , , ,1
48.7833,103.4333,290, , , , , ,1
38.6667,47.05,19.62, , , , , ,1
49.38641,-119.06811, , , , , , ,1
55.10501,-124.95612,131,27,0.3,0.015, , ,3
19.6867,34.95032,814.4,593,0.33, ,0.05, ,5
49.31281,-120.50812,201.6, , , , , ,1
55.90667,-125.42057,182.4, , , , , ,1
41.11667,22.92222,18, , , , , ,1
50.44451,-120.91362,206.3, , , , , ,1
29.70282,91.76471,14.66,1887.9,0.388,0.0305,0.107,5.921,6
35.55,111.23, , , , , , ,1
30.02438,98.55608,40.7, , , , , ,1
49.3347,99.5014,290, , , , , ,1
39.056,46.1728,19.62, , , , , ,1
34.3323,109.954,138.4,1400,0.028,0.091, , ,6
30.9684,117.445, , , , , , ,1
24.37,117.267,83.25, , , , , ,1
29.68558,88.78132,49.2,41.9,0.43,0.09, , ,3
29.68558,88.78132,15.3, , , , , ,1
47.04306,-84.61528,1097.5,20,0.19,0.05, , ,2
32.09861,-110.065,53,250,0.489,0.011, ,1.6,5
50.57531,-120.30032,204, , , , , ,1
-28.43583,-69.54861,24.82,1554,0.282, ,0.203,0.948,6
49.34501,-120.51612,201.6,30.4,0.39, , , ,3
0.33333,-78.58333,6.4,982,0.89,0.04, ,1.9,6
29.1667,57.5833, , , , , , ,1
40.7833,37.4117,83.25, , , , , ,1
39.3521,38.6171,48.5, , , , , ,1
35.09438,-113.72321,57.5, , , , , ,1
29.4957,64.2588,19.5, , , , , ,1
30.6167,54.75,8.48, , , , , ,1
41.80722,22.90833,34, , , , , ,1
39.1403,46.1369,26.86,2107.6,0.236,0.0326,0.65,2,6
36.7596,90.9891,219, , , , , ,1
32.9257,52.4653,15.17,70,0.6,0.007, , ,3
33.6333,51.5833,19.62, , , , , ,1
30.3976,55.0133,8.48, , , , , ,1
33.2,52.75, , , , , , ,1
-6.2,145.86,7.8,5.5,1.8, ,7.2, ,2
34.175,57.75,74.3, , , , , ,1
33.8083,57.1667, , , , , , ,1
37.1648,75.4668, , , , , , ,1
7.59167,126.06667, ,26,0.34, ,0.37, ,3
42.6579,91.8175,299, , , , , ,1
35.9333,58.45,44.52, , , , , ,1
35.417,58.399,39.52, , , , , ,1
54.7,157.3,14.18, , , , , ,1
33.399,54.238,53,245,0.26,0.026,0.1, ,4
39.08,46.27,31, , , , , ,1
-0.5833,113.333, , , , , , ,1
54.87,61.173,430.4, , , , , ,1
40.66667,69.58334,308.35,2000,0.39,0.006,0.6, ,6
8.515,126.01,12.81, , , , , ,1
54.3025,85.7772, , , , , , ,1
59.2329,-154.4713, , , , , , ,1
-34.1151,147.3622,436.4, , , , , ,1
-34.63,148.79, ,2.75,0.18, ,0.5,24,2
-0.517,127.58333,14.18,70,0.3, ,0.21, ,3
-0.554,127.394, , , , , , ,1
39.9364,26.634,40, , , , , ,1
47.1,74.66666, ,200,0.5, , , ,4
39.8852,33.5417,75, , , , , ,1
40.5793,45.7984,135,41.5,0.43,0.002, , ,3
39.3102,38.6963,48.63,81.943,0.239, ,0.292, ,3
39.6747,26.2398, , , , , , ,1
48.09,77.64,320,209,0.3, , , ,4
39.8335,29.599,28.47, , , , , ,1
46.6388,73.61348,360,100,0.5, , , ,4
43.088,20.612, , , , , , ,1
42.69434,24.12099,86,61,0.21,0.005,0.05, ,3
47.30276,75.29547, , , , , , ,1
41.02333,25.7875,32.6, , , , , ,1
49.14811,-117.33691, , , , , , ,1
40.6442,29.1204,44.95, , , , , ,1
40.46667,23.72083, , , , , , ,1
39.2331,46.3977,144.7,466.3,0.09, ,0.37,6.5,5
40.9694,41.1441,83.25, , , , , ,1
13.63,121.314,14.18, , , , , ,1
40.5893,38.671,49.95, , , , , ,1
45.38341,74.15765,340,375,0.41,0.007,0.059,0.79,5
38.8224,38.7224,74.08,4.5,0.09,0.14, , ,2
40.5867,45.8603,135,16, , , , ,2
60.91906,23.52632,1880, , , , , ,1
44.7153,81.7814,317, , , , , ,1
57.80833,140.21306,78.25, , , , , ,1
-8.753,158.074,1.25,1.5, , ,1.8, ,2
-21.79167,119.87222,3315, , , , , ,1
48.98804,-119.47121,179,285.151,0.281,0.0147, , ,5
57.06001,-126.75942,201.2,618.817,0.129, ,0.258, ,5
57.00581,-126.75082,201.2,231.5,0.15, ,0.4, ,4
44.2052,83.2784,313.9, , , , , ,1
47.36331,75.2287, , , , , , ,1
47.25812,75.29131,309,23.7,0.34,0.017, , ,2
40.26667,-117.75,29, , , , , ,1
16.36667,120.6,2.9,62,0.378,0.013,0.328,4,3
52.6072,138.7567,78.25, , , , , ,1
47.49548,75.09047,340,200,0.35,0.01, , ,4
56.4675,-130.26891,196,140.8,0.75, ,0.36, ,4
28.545,58.545,7.25,250,0.23,0.007, , ,5
33.386,51.772,19.62, , , , , ,1
48.05,105.6, , , , , , ,1
45.6,104.5,290, , , , , ,1
44.3053,108.1987,290, , , , , ,1
44.0167,105.9833,290, , , , , ,1
49.6833,106.15,290, , , , , ,1
48.7014,103.3159,290, , , , , ,1
44.1667,107.7833,290, , , , , ,1
28.7266,60.9317,6.1, , , , , ,1
40.7016,45.8476,133.3,22.6,0.367,0.003,0.2,3,2
44.0217,106.1995,330,100,0.75,0.19,1, ,4
44.0,105.3833,290, , , , , ,1
42.8036,106.5127,290, , , , , ,1
49.3333,104.1667,290, , , , , ,1
48.0,106.4167,290, , , , , ,1
55.28,157.45639, , , , , , ,1
45.7789,104.8294,290, , , , , ,1
46.5833,104.9667,290, , , , , ,1
49.13333,103.65,300, , , , , ,1
43.1482,102.9264,290, , , , , ,1
48.9042,101.9215,290, , , , , ,1
31.8833,53.7083,19.62, , , , , ,1
48.2333,103.1667,290, , , , , ,1
48.8334,104.8095, , , , , , ,1
43.9789,98.3649,290, , , , , ,1
33.441,54.213, , , , , , ,1
44.3333,104.1333,290, , , , , ,1
45.8667,110.9333,290, , , , , ,1
49.0167,112.8417,290, , , , , ,1
48.75,102.1167,290, , , , , ,1
46.2833,103.6333,290, , , , , ,1
47.9744,136.1861, , , , , , ,1
40.9519,40.6451, , , , , , ,1
58.2406,-131.88362,218, , , , , ,1
38.609,46.6395,20.1, , , , , ,1
60.35306,-154.315,60,90,0.2,0.1, , ,3
-5.424,142.657,3.55,221.5,0.35, ,0.25, ,4
56.26324,-5.46573,418, , , , , ,1
17.38737,120.85831, ,50,0.4, , , ,3
50.62751,-120.35442,204, , , , , ,1
57.6539,-130.24362,205.1,376.9,0.198, ,0.245,0.234,5
49.10721,-119.81201, ,1.5,0.158,0.045, , ,2
7.19167,125.975,11.4,1151.068,0.247, ,0.323,5,6
-32.3727,148.0383,436.5, , , , , ,1
54.55811,-128.32672, , , , , , ,1
40.0522,26.7372,28.3, , , , , ,1
55.24117,157.67809,73.17,174.62, , ,0.1, ,4
29.3719,63.2892,18.35, , , , , ,1
43.87097,-109.28805,40.2,177.811,0.505,0.0132, , ,4
43.94,18.08,17.5, , , , , ,1
42.795,21.443,32.9,547,0.23, ,0.22, ,5
38.4833,29.1833,14.49,489,0.021, ,0.61, ,5
-34.8737,139.1522,490, , , , , ,1
-24.6637,150.8774,235,200,0.15,0.01, , ,4
54.3236,89.9072,470,30,1,0.05, , ,3
41.69141,28.07434,83.25, , , , , ,1
62.3806,-137.49252, , , , , , ,1
50.27425,136.22091, , , , , , ,1
51.67,62.03,310,90,0.64, ,0.15, ,3
16.5667,120.7133, , , , , , ,1
50.42864,-88.41708, ,105.5,0.09,0.0534, ,2.637,4
-9.3,147.58333,4.42,276,0.27,0.0077,0.3, ,5
30.2527,55.1114,8.48, , , , , ,1
30.2388,55.4318,14.18, , , , , ,1
29.12,62.8371,5.63, , , , , ,1
49.88191,-74.33116, ,0.104,1.5, ,0.21, ,2
44.48183,78.44978,437,736,0.42,0.0031,0.024, ,6
50.1622,76.1622,207,207,0.58, ,0.64, ,4
40.6096,39.6133, , , , , , ,1
-9.79721,160.02221,1.7,50,0.17, , , ,3
42.487,24.254,86, , , , , ,1
-3.799,136.474,3.4, , , , , ,1
40.7882,42.239, , , , , , ,1
40.53325,38.66237,80.79,518.4,0.23, ,0.2, ,5
63.77119,25.23035,1885,25,0.18, ,0.57,4,2
41.16389,22.83333,44.52, , , , , ,1
32.38524,-110.57724,57.5,25.4,0.41, , , ,3
40.2644,39.5987, , , , , , ,1
40.626,38.3096, , , , , , ,1
41.04444,23.20833, , , , , , ,1
46.99051,74.98729,339,637,0.59,0.011,0.29,6.28,5
40.5753,38.6462,49.95, , , , , ,1
50.57081,-120.99722,206.3,72.1,0.31,0.012, , ,3
53.3758,140.15859, , , , , , ,1
53.91667,157.38333,14.9, , , , , ,1
29.8833,56.0667,9.17, , , , , ,1
29.8667,56.075,19.62, , , , , ,1
33.0833,52.9, , , , , , ,1
30.6069,60.2263,27.5, , , , , ,1
30.3726,56.4145, , , , , , ,1
31.186,60.367,16.5, , , , , ,1
29.726,60.881,30.8,40,0.425, , , ,3
30.3705,56.5247, , , , , , ,1
30.584,60.4469,19.2, , , , , ,1
30.2167,55.7, , , , , , ,1
35.333,58.833,41, , , , , ,1
33.867,57.804,42, , , , , ,1
51.724,86.752,290, , , , , ,1
-18.023,177.367, , , , , , ,1
52.1851,119.0959, , , , , , ,1
-5.743,150.065,22.6, , , , , ,1
55.33,132.6, ,164.8,0.13, , , ,4
43.3102,74.95199, , , , , , ,1
50.98569,116.96447, , , , , , ,1
54.78333,157.16667,14.18, , , , , ,1
55.53001,-125.35202,199,539.2,0.207,0.0031,0.149,1.018,5
47.3839,92.8833,514, , , , , ,1
40.79874,69.70522,320,700,0.85, ,0.35, ,6
52.9333,96.7833,500,363,0.29, , , ,5
47.5504,84.3305,320,542,0.3,0.005, , ,5
46.98725,80.05267,320,45.7,0.35, , , ,3
51.95,72.3333,445,65.8,0.48,0.015,0.2,6.56,3
23.60044,-106.10047,59.5,6.96,0.47,0.03,0.07,10.45,2
18.08069,-102.21241,57.5,12.124,0.763, , , ,2
30.256,-109.69822,55.9, , , , , ,1
30.31444,-109.55941,53.7,4861.45,0.222,0.0218, , ,6
19.16794,-104.28458,57.5, , , , , ,1
25.02793,-107.41051,57.5, , , , , ,1
30.37902,-109.72536,52.4,135,0.33, , , ,4
30.07845,-112.49466,57.5, , , , , ,1
-28.63333,-69.88333,35,1369.473,0.418, ,0.379, ,6
-6.35833,-79.11944,12,4320,0.511, , , ,6
21.03515,-77.34829, , , , , , ,1
5.92725,-75.7212, ,118.812,0.16, ,0.5,1.893,4
-27.27,-69.28,23.81,1163,0.38,0.012, , ,6
-20.175,-69.08333,31, , , , , ,1
29.39505,-111.30287,57.5, , , , , ,1
20.6,-104.5,54,<1,1.2, , , ,1
-5.70472,-79.28083,7.99, , , , , ,1
19.08369,-102.03487,33.4,1429.603,0.272, ,0.025,1.65,6
-39.18333,-70.63333,313.8,250,0.15, , , ,5
7.93333,123.3,7.62, , , , , ,1
48.205,-79.4, , , , , , ,1
17.68333,120.91667, , , , , , ,1
-7.11806,-78.57556,10, , , , , ,1
63.06463,26.15801,1885, , , , , ,1
-14.46167,-72.99333,35.9, , , , , ,1
29.52128,91.42653,13.45, , , , , ,1
32.52389,-111.90472,64.2,270,0.67, , , ,5
44.1214,82.9451,359, , , , , ,1
29.3917,56.8833,15.1,100,0.21, , , ,4
29.3583,56.7667,8.48, , , , , ,1
49.7,105.8,290, , , , , ,1
44.6736,80.9754,366, , , , , ,1
28.1952,99.9723, ,3.97,1.92, , , ,2
33.829,110.133, , , , , , ,1
28.1144,99.8064, ,116,0.312, ,0.17, ,4
22.02982,121.5805, , , , , , ,1
43.758,120.058,234.9,185.714,0.13,0.07, , ,4
-14.38557,-74.97887, ,18.6,0.53, , , ,2
-14.02667,-72.33333,35.6,1710,0.613,0.016,0.044,3.037,6
25.01337,-107.23873,49, , , , , ,1
18.25944,-101.05889,62.8, , , , , ,1
8.112,126.114,12.81, , , , , ,1
65.77111,20.24333, ,1064.1,0.215,0.0034,0.114,3.101,6
44.1,134.4,103.5, , , , , ,1
55.23333,157.75,14.18, , , , , ,1
47.09194,-84.47833,1098.28,36.28,0.2, , , ,3
-3.184,151.654,24, , , , , ,1
68.10847,66.83024, ,85.6,0.537,0.0009, , ,3
-23.0,-69.08333, ,41,0.8, , , ,3
46.834,25.232,8, , , , , ,1
57.58333,139.11667,78.25, , , , , ,1
49.00972,-118.61667,56.7,19.5,0.56, ,0.55, ,2
45.6508,121.926,161.8,0.15, , , , ,2
38.31645,-117.31668, ,648.428,0.091,0.0615, , ,5
39.0315,46.1953,21,34,0.63,0.033,0.05,0.11,3
29.31546,91.80377,24.94, , , , , ,1
46.6667,88.8333,290, , , , , ,1
60.92469,23.789,1890, , , , , ,1
-22.66667,-68.75,275, , , , , ,1
7.275,126.04583,12.81, , , , , ,1
8.32369,124.40347, , , , , , ,1
51.25,139.65, , , , , , ,1
-23.6869,150.63,244,100,0.3, , , ,4
-25.09772,-67.75905,14.93,182.1,0.102, ,0.537, ,4
8.119,126.384, , , , , , ,1
42.1297,92.8107,315.7, , , , , ,1
64.1895,-142.9676, , , , , , ,1
23.3796,102.3894, , , , , , ,1
-31.33494,-71.02276, ,306.5,0.245,0.0046,0.076, ,5
-22.93667,-69.05139,43.5,112,0.46, , , ,4
40.7827,40.6898,83.25, , , , , ,1
52.57141,-121.64472,205.2,7.19,0.31, ,0.243, ,2
36.75,48.8333,19.62, , , , , ,1
64.71875,33.28814,2692.75,173,0.03,0.075, , ,4
16.76667,120.86667, ,210,0.28,0.005,0.25,4,4
49.78001,-120.55422,219.15, , , , , ,1
50.25891,-127.61642,154, , , , , ,1
-23.445,-69.51167,57.9,2121,0.275, , , ,6
17.525,120.925, , , , , , ,1
61.5666,-143.7166,154.25, , , , , ,1
32.71844,-108.17713,57.5,216.5,0.183, , , ,4
54.51655,-126.73296, ,179.363,0.03,0.0717, , ,4
32.75834,-109.6, ,679,0.47, , , ,5
33.33614,-110.90207,61.2,18.144,0.4, , , ,2
18.92917,102.86806,279,31,0.08, ,0.76,3.9,3
39.0958,93.4079,290, , , , , ,1
43.05806,106.87889, ,308,1.266, ,0.428,3.279,5
59.4,153.45,94.5,178,0.5,0.025,0.2,2.1,4
32.31205,-108.75328,57.5, , , , , ,1
-28.06667,16.9,1960, , , , , ,1
49.70951,-122.92362,154.25, , , , , ,1
50.45031,-121.04312,208.4,514,0.427,0.015,0.006,1.2,5
55.92781,-125.44082,177.4,31.94,0.66, ,0.17,4.7,3
-31.24167,-70.17667,7.84,4768,0.342,0.003,0.051,1.613,6
-33.13333,-70.26667,5.5,21746,0.616, , , ,6
-16.90389,-70.99028, ,352,0.761,0.0314, , ,5
-14.15806,-73.13333,32,726,0.532,0.03,0.029, ,6
19.57284,-100.99755,62.8, , , , , ,1
-28.3408,-69.5857,13.5,2926,0.363, ,0.136,1.356,6
31.23105,-111.91788,57.5, , , , , ,1
-4.33333,-80.0,14, , , , , ,1
13.09979,-86.99773,14.18, , , , , ,1
-37.27,-70.67944,67, , , , , ,1
-31.70833,-70.5,11.18,6104.1,0.51,0.016,0.06, ,6
-12.97583,-76.13944,100,63.191,0.36, , , ,3
-33.2,-70.25583,7,1200,1.46,0.02, , ,6
28.39468,-109.14957,49.6,8.339,0.609,0.1218, ,4.511,2
-21.98954,-68.76152, ,1903.8,0.497,0.0108, , ,6
54.78333,-127.68333,89,151,0.238,0.0088,0.228,0.993,4
28.42556,-109.86472,56.9, , , , , ,1
49.54361,-120.43312,219.15, , , , , ,1
62.4125,-147.8753, , , , , , ,1
31.08083,-110.487,61.8,9,0.8,0.1, , ,2
52.614,119.7446, , , , , , ,1
14.76667,121.31667, ,78,0.5,0.001,0.03, ,3
9.25833,125.52333,3.5,26,0.36,0.01, , ,3
25.1465,116.402, ,487.2,0.339,0.0272, , ,5
33.881,111.754, , , , , , ,1
33.42438,94.99884,44.95, , , , , ,1
61.4035,28.24986,1890, , , , , ,1
10.0,123.0, ,40,0.35, , , ,3
28.62738,-109.64219,57.4,3.373,1.036, , , ,2
49.38831,-119.33781,52.4, , , , , ,1
40.6352,45.8201, , , , , , ,1
14.2,122.683,12.81,5.9,1.5, ,4.6, ,2
54.86,-125.57556, ,453.422,0.048,0.0354, , ,5
22.15315,-80.09118, , , , , , ,1
39.05,-119.24,161,488.534,0.225, , , ,5
25.52107,100.43756,34.8,62,0.5,0.078,0.35, ,3
29.2075,63.7275,24.3, , , , , ,1
42.747,22.217,38,100, ,0.1, , ,4
55.83111,-125.33252,177.4, , , , , ,1
52.25,-73.0, ,20.042,0.577,0.0925,0.058,4.399,2
46.47,25.57,15, , , , , ,1
49.0,-66.0, ,8.344,1.08, , ,6.66,2
9.493,125.604,12.81, , , , , ,1
-34.3099,147.4415,436.4, , , , , ,1
-10.537,150.124,19.62, , , , , ,1
50.92391,-121.42112,61.2,181,0.28,0.029, , ,4
53.2784,140.1222,78.25, , , , , ,1
-8.21556,-77.77167,14.73,255.89,0.506,0.049, ,2.883,5
16.3921,121.3388,14.18, , , , , ,1
45.984,22.937,12.81, , , , , ,1
27.1083,58.1, , , , , , ,1
32.489,58.916,39, , , , , ,1
38.8167,46.8333,28.59, , , , , ,1
18.467,-70.21701, , , , , , ,1
61.75539,22.37912,1890, , , , , ,1
62.04428,24.32201,1885, , , , , ,1
44.41083,21.93236,83.5,800,0.6,0.005,0.35,1,6
47.0978,135.0722,112.5, , , , , ,1
54.86667,157.15, , , , , , ,1
10.095,125.204,12.81, , , , , ,1
22.01667,80.71667,2490,566.25,0.962,0.0034,0.2,6,5
30.99857,98.01653,36.9,338,0.45,0.014,0.06, ,5
45.1364,135.0367, , , , , , ,1
49.9165,136.8961, ,2544,0.29, ,0.14, ,6
55.72222,136.58056,78.25, , , , , ,1
45.38944,136.95,78.25, , , , , ,1
62.0089,-137.90452,104.3, , , , , ,1
23.26905,-106.10015,54.1,37,0.52, ,0.42, ,3
66.48,164.55,137.9, ,0.4,0.006,0.15,6.2,1
39.2362,39.259, , , , , , ,1
41.5041,44.199, , , , , , ,1
29.9288,98.62595,37.6, , , , , ,1
6.033,116.46,7,196,0.48,0.001,0.5,2.5,4
49.75061,-120.48252,219.15,23,0.2, , , ,2
17.76667,121.23333, ,20,0.5, ,1.1, ,2
7.433,126.033,12.81, , , , , ,1
44.3833,108.25,292.3, , , , , ,1
42.7187,105.1028,290, , , , , ,1
-34.166,147.33,436,26,0.34, ,0.38, ,3
31.17185,97.88765,37.6,135,0.43,0.03,0.02, ,4
8.331,125.564, , , , , , ,1
-22.56417,-69.24222,64, , , , , ,1
44.3833,108.4667,290, , , , , ,1
9.667,122.583,24.94,81.5,0.42, , , ,3
-24.04941,150.8145,242.5, , , , , ,1
-22.38056,-68.9125,32.5,882,1.02, , , ,6
-0.533,113.2, , , , , , ,1
-23.43117,-70.05817,141.5,500,1, , , ,5
60.60678,25.28554,1890, , , , , ,1
-2.16,146.969, , , , , , ,1
9.712,125.53,12.81, , , , , ,1
7.35468,126.01374,10,78,0.4, ,0.37,3.6,3
34.033,52.05, , , , , , ,1
-31.37833,-67.36667,259, , , , , ,1
13.455,121.97544,20.5,178.3,0.44, ,0.09,1.19,4
38.8333,46.55,28.59, , , , , ,1
46.35639,-122.08083,17.3,523,0.36,0.011,0.24,1.6,5
59.01944,-137.08333,34,145,0.2, ,0.24,4.5,4
16.75,121.35,25.1,55,0.427, ,0.24, ,3
31.04452,-110.42622,59.3,100,0.48, , , ,4
43.73,113.691,290, , , , , ,1
40.86674,25.55499,29, , , , , ,1
49.29191,-120.51392,201.6, , , , , ,1
-33.7374,147.5428,467,175,0.382, ,0.198, ,4
16.81826,120.71782, , , , , , ,1
12.38,123.56,24.94, , , , , ,1
-8.08333,157.51667,3.96, , , , , ,1
38.8772,45.9386,20.46,204,0.34, ,2, ,4
-0.56,114.022, , , , , , ,1
-0.46265,127.40309,12.81, , , , , ,1
-0.45766,127.40346,12.81, , , , , ,1
14.233,122.733,20.5,65,0.35,0.005,0.4, ,3
1.188,127.69,3.96, , , , , ,1
7.5,125.985,12.81, , , , , ,1
50.75811,-120.65782,204, , , , , ,1
40.0017,30.6961,19.5, , , , , ,1
10.38981,123.72652, , , , , , ,1
54.7833,98.85,290, , , , , ,1
48.61472,-120.38194,85.1,136.08,0.36,0.006,0.03, ,4
38.645,47.0627,30.8, , , , , ,1
-9.61194,160.16424,21.5, , , , , ,1
39.4,-114.75, ,400,0.85,0.016, , ,5
48.5,-81.25,2673,12.86,0.5, ,1.3, ,2
54.7815,-132.0565,437, , , , , ,1
63.2711,-159.2846, , , , , , ,1
42.60492,24.1873,91,244,0.37,0.01,0.1, ,4
65.28,159.53,122.75,1333.333,0.3,0.02,0.2, ,6
30.4256,55.174,12.1,170,0.86,0.007, ,1.8,4
37.3549,48.2167,19.62, , , , , ,1
3.85,102.86667,245,45,1.8, ,0.6, ,3
44.1955,95.307,412, , , , , ,1
50.50311,-121.13692,206.3, , , , , ,1
-6.834,156.043,3.96, , , , , ,1
41.5714,42.0836,54,3.268,2.84, ,0.7,18.7,2
39.7456,34.7157,83.25, , , , , ,1
39.7314,34.762,83.25, , , , , ,1
40.9737,35.4459,37.55, , , , , ,1
57.20421,-126.66862,201.2, , , , , ,1
41.1541,41.6757,83.25,0.344,1.16, , , ,2
57.7961,-129.87252,198, , , , , ,1
33.40826,-110.8754,63.5,1591,0.63,0.01,0.009,0.7,6
-7.3,-78.32222,20.24,631,0.69,0.015,0.15,4,5
47.5,-121.36667,25,93,0.41,0.02, , ,3
57.054,-157.235,2.67, , , , , ,1
53.19215,60.99456,357,426.1,0.37, ,0.1, ,5
41.01,25.97,28, , , , , ,1
31.11303,-110.42779,63.1,230,0.85, , , ,4
62.3569,-138.57082,83.25, , , , , ,1
9.6,122.5333, ,100,0.47, , , ,4
-22.325,-68.9, ,430,1.19, , , ,5
14.8011,-87.3548,61, , , , , ,1
49.47641,-120.47422,219.15, , , , , ,1
33.11,-111.58,70.3,13.2,0.4, , , ,2
58.39862,-131.78696,200, , , , , ,1
29.25317,91.85617,24.94, , , , , ,1
-22.37917,-68.91389,34.7,1889,0.768, , , ,6
62.6092,-137.23832,201.8,70.29,0.986, ,0.344,3.115,3
51.94721,-121.31082,219.15, , , , , ,1
-4.65,-78.9,156,1188.49,0.51, ,0.153,1.044,6
-22.95082,-69.02409,44.7,54,0.34, , , ,3
-22.42184,-68.93121,36.2, , , , , ,1
38.0612,47.5442,12.81, , , , , ,1
39.05,46.05,40,350,0.43, , , ,5
31.98886,-111.06749,58.1,1900,0.69,0.0016, , ,6
55.91581,-125.51362,182,3,0.6, , , ,2
56.53112,-130.2503,196,1509.9,0.18, ,0.64, ,6
38.5497,46.2586,9.12,20, , ,1, ,2
-19.80972,-69.28056,57.8,97,1,0.03, , ,4
1.24167,-76.66667,166,347,0.39,0.0697, , ,5
48.5658,102.9166,290, , , , , ,1
49.2552,103.7373,290, , , , , ,1
45.6,97.35, , , , , , ,1
45.8201,102.593,290, , , , , ,1
44.5833,108.0333,290, , , , , ,1
-3.873,136.183, , , , , , ,1
-28.57139,-69.66192,15.3, , , , , ,1
51.09471,-123.38832,84.9, , , , , ,1
44.73778,21.7025,72.5,500,0.35, ,0.185, ,5
-30.73884,-70.66784,49.95,15.5,0.51, ,0.13, ,2
53.75,61.41667, ,108.762,0.067,0.105, , ,4
41.15833,22.84444,44.52, , , , , ,1
41.17002,22.84953,44.52, , , , , ,1
41.15833,22.86667,44.52, , , , , ,1
39.2395,-115.56869, , , , , , ,1
-34.2347,147.40505,436.4, , , , , ,1
-23.5756,150.3928,251.5, , , , , ,1
-33.60354,149.36474,436.5,73.2,0.07, ,0.94, ,3
33.10361,-109.36111,55.8,11075,0.248,0.0024, , ,6
49.3667,93.8333, , , , , , ,1
46.31169,-111.66954, , , , , , ,1
55.18311,-126.28612,52.8,382.447,0.333,0.0044,0.162, ,5
48.92,22.2,14, , , , , ,1
63.89,-143.47,70, , , , , ,1
55.13721,-124.53112,186.9, , , , , ,1
-20.1969,147.95,119.3,200,0.15, , , ,4
-18.44,127.49,1843,114,0.2, , , ,4
-24.6712,151.2764,242.5,17.466,0.652, ,0.163,6.745,2
-18.24451,143.2527,310, , , , , ,1
63.6888,-142.2599,83.25, , , , , ,1
-5.67,144.16177, , , , , , ,1
55.65,-126.83333,51.4, , , , , ,1
-2.11667,146.95,13.5,20,0.3, , , ,2
-20.9369,148.16,125,20,0.2, , , ,2
55.12391,-124.02752,186.9,633.7,0.188, ,0.343, ,5
52.55441,-121.64172,205.2,436.617,0.276, ,0.294,0.809,5
48.05572,-118.69536,51.2,2400,0.09,0.0557, , ,6
-18.25506,143.40547,310, , , , , ,1
-20.56697,147.8804,125, , , , , ,1
49.76331,-125.30222,35, , , , , ,1
53.05001,-122.32112, , , , , , ,1
-20.34194,140.16889, , , , , , ,1
-29.83944,152.37139, , , , , , ,1
-20.57861,146.97778,285, , , , , ,1
-1.7,101.25, , , , , , ,1
33.47562,-105.74055, , , , , , ,1
46.13253,23.07133,12.81, , , , , ,1
46.12892,23.06621,8.48, , , , , ,1
39.8922,29.8966,46.74,51,0.365,0.0125,0.125,2.378,3
49.76111,-125.25002,35, , , , , ,1
7.05,-76.75,54.7, , , , , ,1
52.02921,-121.26442,187, , , , , ,1
46.15,22.8,13.3,12,0.2, ,0.3, ,2
50.61667,19.36667,298,726,0.121,0.062, ,2.22,6
-15.999,167.254, , , , , , ,1
38.7541,46.8098,39.52, , , , , ,1
57.3747,-131.00582,222,90.7,0.337,0.047, , ,3
55.28611,-126.23812,51,271,0.184, ,0.08, ,5
66.49,164.7,140, ,0.4,0.004,0.15,1.2,1
17.575,120.89, , , , , , ,1
-18.002,178.165,5.5,2150.842,0.35, ,0.109, ,6
13.36667,122.05, , , , , , ,1
29.46667,90.81667,14.76,250,0.2,0.002, , ,5
45.78,121.709,134,24.242,0.66, , , ,2
49.25,104.7167,290, , , , , ,1
48.5803,97.7814,273, , , , , ,1
9.68,-83.409,14.18,5,0.3, , , ,2
33.53,94.78,40.86, , , , , ,1
44.2208,108.0182,333.2, , , , , ,1
32.88,83.5,119.5,289.855,0.69, , , ,5
-17.995,177.366, , , , , , ,1
38.5552,38.825,79.43, , , , , ,1
62.2272,-142.7283,109.5, , , , , ,1
-32.80685,140.04315,502, , , , , ,1
-29.0,-67.75,5,300,0.37,0.06,0.3,0.9,5
-2.622,150.142, , , , , , ,1
53.75111,-127.68672,48,16.458,0.437, , , ,2
45.06652,-109.95994, , , , , , ,1
51.73201,-124.63562, , , , , , ,1
38.4083,47.4333,22.14, , , , , ,1
62.2189,-142.7603,109.5, , , , , ,1
-2.156,146.997, , , , , , ,1
44.3167,105.75,290, , , , , ,1
44.3333,107.1667,290, , , , , ,1
48.56387,138.57053,69, , , , , ,1
45.95,110.5,290, , , , , ,1
47.6775,-121.63639,9.9,128,0.68,0.0082,0.1, ,4
29.1548,62.2005,19.5, , , , , ,1
63.672,-142.869,102.8, , , , , ,1
57.81497,-129.94256, ,271.84,0.16, ,0.18, ,5
17.583,122.0, , , , , , ,1
17.1906,122.0489, , , , , , ,1
-32.92,148.0,438.3,344.02,0.608, ,0.263, ,5
66.81051,66.51699,382, , , , , ,1
53.152,60.948,340, , , , , ,1
29.9333,55.85,13.71,527,0.26, , , ,5
62.3342,-137.33582,83.25, , , , , ,1
-17.798,178.207, , , , , , ,1
58.9875,-136.10278, ,119.515,0.18,0.0267, , ,4
6.1,116.466,8, , , , , ,1
47.97187,79.15749, , , , , , ,1
50.0269,76.7272,438.5,213,0.81,0.01,0.26,2.5,4
50.04191,-124.65112,36,143,0.24,0.009, , ,4
48.02,23.20833,14.18, , , , , ,1
-3.889,136.178, , , , , , ,1
41.2226,106.328, , , , , , ,1
48.56444,136.69445, ,65.7,0.67,0.1,0.42, ,3
47.8242,135.8599,78.25, , , , , ,1
33.567,51.867,12.81, , , , , ,1
-8.5,147.5, ,85,0.4, ,0.6, ,3
39.81694,9.51583,285, , , , , ,1
38.48056,-113.29972,28.4,10,0.5,0.023, , ,2
-5.2,141.13333,1.2,898,0.43, ,0.51,2,6
50.00001,-124.66668, ,86.8,0.31,0.0084, , ,3
35.19,65.5,14, , , , , ,1
47.65,110.5333,290, , , , , ,1
62.3624,-147.9406, , , , , , ,1
55.15306,135.55111,78.25, , , , , ,1
65.6847,170.48248,85, , , , , ,1
40.5331,42.0134,19.62, , , , , ,1
46.45,99.2833,290, , , , , ,1
48.8306,104.2306,290, , , , , ,1
48.8833,97.1333,290, , , , , ,1
-8.762,118.458,0.4, , , , , ,1
53.63333,-127.08333, ,230.251,0.225,0.0207,0.144,2.811,4
-22.46667,-68.96667,37,341,0.53, , , ,5
32.47753,-110.72215,57.5, , , , , ,1
-9.869,148.291, , , , , , ,1
62.204,-142.8449,115,290.304,0.35,0.02,0.171,0.343,5
45.073,21.717,65, , , , , ,1
63.38,-141.81, , , , , , ,1
50.05,105.1167,290, , , , , ,1
49.31861,-120.51392,201.6,2.65,0.437, , , ,2
63.751,160.067,85, , , , , ,1
42.539,24.128,86,36,0.32, ,0.14, ,3
48.7905,102.9215,290, , , , , ,1
-32.5,-69.08333,19, , , , , ,1
-32.5,-69.08333,19, , , , , ,1
32.44442,-106.1174, , , , , , ,1
49.34561,-120.53612,201.6, , , , , ,1
27.9027,99.8654, , , , , , ,1
59.71667,150.31667,94.5, , , , , ,1
56.06306,-125.36002, , , , , , ,1
41.8,22.86667,23, , , , , ,1
46.571,25.782,5, , , , , ,1
49.7,104.9333,290, , , , , ,1
44.0376,105.9992,290, , , , , ,1
44.0167,106.05,290, , , , , ,1
50.38001,-122.75807, , , , , , ,1
50.39806,-122.79474, , , , , , ,1
53.67361,-127.05692,83,21.4,0.34,0.008, , ,2
43.0136,106.8535,372,3750,0.98, ,0.38, ,6
46.7472,104.1333,285, , , , , ,1
45.7,104.6,275.4, , , , , ,1
49.2667,95.975,290, , , , , ,1
44.5722,109.4296,330, , , , , ,1
48.4974,103.8584, , , , , , ,1
49.6333,106.1833,290, , , , , ,1
48.1667,102.95,290, , , , , ,1
49.37861,75.94527,340,194,0.36,0.005,0.02,2.9,4
62.2948,-153.9485,58, , , , , ,1
9.576,125.507,12.81, , , , , ,1
41.01138,25.88444,32.05, , , , , ,1
40.61667,-117.03333,39, , , , , ,1
62.61,-137.20392,76.5, , , , , ,1
-3.98,152.599, , , , , , ,1
39.8834,26.5205,20.6, , , , , ,1
30.3333,55.6333, , , , , , ,1
16.821,120.798,1.66,100,0.4, ,0.5, ,4
53.85941,-127.01642,48, , , , , ,1
11.516,123.174,24.94, , , , , ,1
-3.6,-78.5,153.3,547,0.6, , , ,5
-24.2,-65.87,15.4, , , , , ,1
-6.318,155.493,3.4,1838,0.3, ,0.34, ,6
16.167,121.333,21.9, , , , , ,1
16.33105,121.33901,21.9, , , , , ,1
-3.671,136.5, , , , , , ,1
38.99074,-107.06038, , , , , , ,1
-32.45,-69.09167,16.9,373,0.555,0.005, , ,5
-5.715,-79.20694,7.99, , , , , ,1
40.625,-111.37972,33.69, , , , , ,1
-8.78861,-77.99583,14.7,141.6,0.45,0.04, , ,4
60.38,-154.47,59.5, , , , , ,1
62.5258,-138.61422, , , , , , ,1
0.332,127.751, , , , , , ,1
51.96061,-121.29502,219.15, , , , , ,1
51.98081,-121.33722,219.15, , , , , ,1
-32.75,148.21667, ,11.27,0.11, ,1.29, ,2
59.89833,-155.29556,89.5,10899,0.341,0.0232,0.308,1.468,6
6.7,-76.5,42.7,700,0.736,0.0123, , ,6
-7.423,109.861, , , , , , ,1
-5.709,150.963, , , , , , ,1
64.0,35.0, ,600,0.25,0.05, , ,5
-6.92,-78.36,15.8,429,0.31, ,0.78, ,5
66.56,164.44,144.1,1315.766,0.825,0.023,0.566,4.595,6
8.83333,-80.66667,28.5,1218,0.5,0.0067,0.08, ,6
42.45583,24.27796, , , , , , ,1
63.61,-142.99,102.8, , , , , ,1
29.0952,62.1601,12.45, , , , , ,1
50.55441,-120.29862,204, , , , , ,1
8.175,126.145,12.81, , , , , ,1
17.45,101.87769,245,65,1, , , ,3
18.918,102.907,304.9,184,0.49, ,0.22,2.1,4
18.11667,102.08333,244,58,1.76, ,0.45, ,3
17.33333,101.5,234,13,1, , , ,2
29.18331,-110.72346,57.5, , , , , ,1
18.19722,-66.68667,42, , , , , ,1
18.14323,-100.6725,57.5, , , , , ,1
27.16281,-109.01233,60,457.99,0.28, , , ,5
2.1,-76.88333,17.4, , , , , ,1
63.83,-141.41, , , , , , ,1
57.36641,-127.01557,197, , , , , ,1
-23.20242,-69.18467,45.5, , , , , ,1
18.3235,-66.87186,44.95, , , , , ,1
50.46667,19.61667,343, , , , , ,1
39.0169,29.3119,18.3, , , , , ,1
-15.57892,-70.99949, ,113.935,0.286, ,0.326, ,4
57.23331,-126.73332,201.2,70,0.15, ,0.57, ,3
49.69751,-120.59812,200, , , , , ,1
34.36889,-112.35194, ,25,0.36,0.008,0.17,4,2
-38.0,-70.55,61, ,0.22,0.021, , ,1
63.3134,-145.9856,219.15, , , , , ,1
49.64531,-120.51312,200, , , , , ,1
27.8833,59.9833,0.006, , , , , ,1
15.00833,120.36667,2.145,20,0.41, ,0.6,3,2
39.1276,46.2251,19.62, , , , , ,1
9.664,125.595,12.81, , , , , ,1
42.48333,23.41667,76, , , , , ,1
44.65286,136.20313, , , , , , ,1
18.25261,-66.85526,44.95, , , , , ,1
43.22912,20.66838, , , , , , ,1
-5.96667,150.38333,23, , , , , ,1
-3.903,136.145, , , , , , ,1
-3.932,136.121, , , , , , ,1
-3.906,136.12, , , , , , ,1
-9.43333,159.83333,24.4, , , , , ,1
-10.236,149.466,14.18, , , , , ,1
51.13331,-122.61422,57.5,808,0.24,0.0075,0.12,3,6
16.81028,120.77209, , , , , , ,1
-23.3,-69.23333,42.37,1543.7,0.345, , , ,6
41.055,23.19,32, , , , , ,1
54.01671,-126.99002,73.5,789.3,0.172,0.0047,0.054,2.585,6
42.37143,24.15435,83.5,75,0.2, , , ,3
56.45201,-125.99532, , , , , , ,1
13.53337,105.12813, , , , , , ,1
-4.50771,-78.95923, ,493.7,0.34, ,0.137, ,5
33.03769,-111.42956,62,447.25,0.318, , , ,5
50.65,-120.5, ,2.359,0.35, ,0.77, ,2
-26.4875,-69.42389,36.65,170,1.1, , , ,4
47.26667,134.6,78.25, , , , , ,1
49.17171,-120.00221,168, , , , , ,1
-28.71587,-70.80763,130.1,236.6,0.48,0.0135,0.1, ,4
42.37835,26.26288,57.8,260,0.249,0.0048, , ,5
50.25162,136.2934,78.25, , , , , ,1
59.351,153.506,94, ,0.36,0.0035,0.34,2.1,1
63.8029,-146.5229, , , , , , ,1
28.0385,99.9864,216.33,446.8,0.52, ,0.18, ,5
-21.94528,-69.78333,125,540,0.25, , , ,5
-13.92917,-75.35,100,190,0.24, , , ,4
63.52,-141.32,114.4, , , , , ,1
-11.47972,-76.08444,7.1,5.24,0.27, ,0.43,5.54,2
55.6298,-160.6753,6,174.222,0.319,0.0194,0.087, ,4
33.4998,54.068, , , , , , ,1
50.64361,-120.39782,204, , , , , ,1
34.7245,50.2635,14.18, , , , , ,1
33.783,51.567,14.18, , , , , ,1
39.0976,45.9371,26.78,0.95,1.14,0.17,0.3,4,2
38.7667,46.35,19.62, , , , , ,1
57.7608,-130.29362,205, , , , , ,1
28.1763,99.8906,216.93, , , , , ,1
35.6471,119.22, , , , , , ,1
33.1599,112.292,147,62.5,0.8,0.12, , ,3
44.1439,83.0267,290, , , , , ,1
48.95,97.8333,290, , , , , ,1
64.2262,-143.8916,101.2, , , , , ,1
-21.0,-68.8,35,4659,0.413,0.0172, , ,6
-37.4325,-70.46667,44, , , , , ,1
5.76389,-75.7475,7.47,565.66,0.64,0.0127,0.31,4.34,5
-14.98,-71.30667,38,300,0.68, , , ,5
-19.86667,-68.96667,38.18, , , , , ,1
-17.10806,-70.61583,54.5,2855.3,0.46,0.015, , ,6
-22.4081,-68.95486,38, , , , , ,1
5.29513,-75.71223, ,165.2,0.1, ,0.572,1.759,4
5.31805,-75.69615, ,57.794,0.04, ,0.5, ,3
29.62513,91.59382,15.99,1778,0.45,0.045, ,3.9,6
43.68,82.4667,290, , , , , ,1
29.2542,56.9635,3.96, , , , , ,1
-33.8422,149.689,436,512.1,0.18, ,0.05,0.73,5
46.18363,-111.65738, , , , , , ,1
-22.23,-68.88,32.7,7344,0.417, , , ,6
42.84305,22.89982,83.25, , , , , ,1
28.2504,58.7991,29.7,10,0.63, , , ,2
50.63611,-120.46502,204,30.66,0.528, ,0.119, ,3
-18.023,177.832, , , , , , ,1
-7.85333,110.89694, ,90.9,0.1, ,0.35, ,3
33.2667,52.0917,11.52, , , , , ,1
50.36639,-120.95752,206.3, , , , , ,1
49.56139,-120.46557,219.15, , , , , ,1
33.16361,-110.98306,60,857.3,0.373, , , ,6
51.31331,-121.08892,182.4, , , , , ,1
28.95,57.6667,8.48, , , , , ,1
49.28531,-120.54532,201.6, , , , , ,1
47.93927,20.07777,27.8,700,0.66,0.005,0.28, ,6
56.73501,-126.30082, , , , , , ,1
53.29917,-127.0103, ,200.9,0.061,0.0489, , ,4
57.6997,-129.80532,203.8,1820.8,0.323, ,0.335,1.096,6
50.71061,-127.97222,171.5,25,0.35,0.006,0.44, ,2
33.03611,-111.21611,65,453.5,0.1, , , ,5
38.61667,-118.43333,105, , , , , ,1
29.805,-104.40278,60.2,370.306,0.029,0.0437, , ,5
31.49,-110.72,60,570,0.63, , ,0.6,5
37.91116,-107.67241, , , , , , ,1
52.46389,-121.48418,196, , , , , ,1
29.12278,62.07889,11.82,4906,0.49, ,0.28, ,6
-28.5,-70.3,63,2246.9,0.367,0.0151, , ,6
30.4959,55.3365, , , , , , ,1
33.2929,-111.05174,62.5,1766,1.51,0.035, , ,6
62.3253,-137.26922, ,196.43,0.09,0.02,0.23,2.2,4
57.255,-157.084,16.95, , , , , ,1
50.33831,-120.71082,69,46.863,0.17,0.018, , ,3
61.8475,-138.50752,44.52, , , , , ,1
31.0537,85.9709,87.69, , , , , ,1
34.0,-106.0, ,27,0.1,0.07, , ,3
32.1855,97.05367,42, , , , , ,1
-33.4353,148.9759,455.8,151.92,0.327, ,0.511,0.573,4
-31.25,-70.33,9.2,87,0.6, , , ,3
43.1235,106.2236,290, , , , , ,1
-4.94444,-79.30833,11.3,1257.4,0.57,0.0228, , ,6
-32.57,-69.97,8.5, , , , , ,1
-25.21667,-69.23333,292, , , , , ,1
8.8,-78.7, ,20,0.75, ,0.009,0.35,2
8.63333,-77.56667,49, , , , , ,1
-4.2,-79.58333,14, , , , , ,1
18.18761,-66.67971,41,218,0.73,0.002,0.3,1,4
49.63061,-120.47812,96.7, , , , , ,1
62.3375,25.81012,1885, , , , , ,1
62.04861,23.65649,1885, , , , , ,1
-24.04083,150.73973,235, , , , , ,1
50.59691,-127.46282,154, , , , , ,1
63.01,-141.798,67, , , , , ,1
43.99578,-109.78159,44.95, , , , , ,1
46.88751,-112.56763, , , , , , ,1
18.62009,-100.83674,57.5, , , , , ,1
49.94754,-74.43756,2707,36.964,0.062, ,0.522,0.851,3
-20.96,-68.71,33.3,3410,0.82,0.024,0.01, ,6
31.83,-110.76,58.4,721.841,0.434,0.0147, ,4.023,6
-34.3004,147.4002,436.4, , , , , ,1
46.30995,23.17735,9.16,431,0.55, ,0.25, ,5
13.92809,-84.4239,61,11.853,0.486, ,0.477,8.097,2
64.13333,-157.05,74.8,55,0.2, , , ,3
46.16667,22.9,11.5,432.7,0.159, ,0.54, ,5
51.07831,-123.41672,77.2, , , , , ,1
38.33333,-117.5,207, , , , , ,1
47.91667,18.91667, ,100,0.1, , , ,4
-17.1292,144.54892,285,10,0.4, , , ,2
43.23333,20.71667,14, , , , , ,1
49.73421,-120.53252,219.15, , , , , ,1
51.26611,-124.29062, , , , , , ,1
50.58811,-127.39002,174, , , , , ,1
47.97274,-80.69984,2682,1.81,0.25,0.19, , ,2
65.7783,165.1028, , , , , , ,1
14.39,107.83, , , , , , ,1
-8.567,117.569, , , , , , ,1
39.4007,38.5913,51.9, , , , , ,1
32.95472,-111.81611,64.5,445.7,0.58, , , ,5
32.94635,-109.62826,52.5,7260,0.441,0.004,0.17, ,6
32.14556,-111.0786, ,9,0.4, , , ,2
9.43333,122.7667, ,26,0.35,0.015, , ,3
29.2506,61.615,22.4,395,0.38, ,0.323,0.188,5
48.6833,102.1333,290, , , , , ,1
35.3101,99.7906,223.4,128,1.13, ,0.48, ,4
16.668,120.599, , , , , , ,1
6.56667,124.4,19.5, , , , , ,1
53.57317,58.43519,347,800,0.4,0.0007, , ,6
40.8333,41.3333,64.5, , , , , ,1
17.4333,120.85, , , , , , ,1
45.6,-70.33333,443, , , , , ,1
-4.477,142.692, , , , , , ,1
29.1135,62.2394,8.48, , , , , ,1
50.16667,73.25, ,197,0.84, ,0.33, ,4
13.886,122.727,12.81, , , , , ,1
-12.60722,27.88194,1964,50,0.7, , , ,3
39.9106,27.776,28.47, , , , , ,1
28.60083,-109.60111,57.4,14.5,0.73, ,0.42, ,2
16.26306,120.6225,1.5,70.59,0.294,0.001,0.366,1.2,3
18.66126,-101.52688, , , , , , ,1
-3.65,-78.41667,157.4,764,0.52, , , ,6
19.14373,-101.11105,57.5, , , , , ,1
16.33472,120.91603, ,314,0.27, ,0.21, ,5
25.0,-107.0, ,4.6,0.27, ,2.67,38,2
18.99552,-101.95188,32.5,12.5,0.4, , , ,2
28.60454,-109.71492,57.5, , , , , ,1
-32.25,-69.43333,260,194.844,0.479, ,0.201, ,4
25.56444,-107.03,59.1, , , , , ,1
32.77917,-109.6542, ,243,0.28, , , ,4
32.69972,-110.67778,61,667.275,0.541,0.011,0.017,1.8,5
7.75083,-75.71361,74.6,114.3,0.45, ,0.26,2.42,4
-15.625,-70.99167,12.81, , , , , ,1
32.02773,-111.08037,58,208,0.54, , , ,4
42.3583,94.7555,278, , , , , ,1
32.88336,-109.54622, ,148,0.29, , , ,4
34.4078,60.3996,39.2, , , , , ,1
3.433,125.567, , , , , , ,1
49.1342,113.3506,290, , , , , ,1
-22.65,-69.16666, ,109,0.7, , , ,4
16.49028,120.65556,9.47,286,0.345,0.008,0.2,1.7,5
26.71719,-108.23386,57.2,274,0.5, ,0.05, ,5
29.9917,56.0333, , , , , , ,1
32.3583,58.8917,39.52, , , , , ,1
29.9503,55.8721,13.29,1538,0.58,0.03,0.06,1.14,6
29.935,55.817,15.14,16,0.46, , , ,2
29.4,57.1417, , , , , , ,1
30.4511,55.138,13.3, , , , , ,1
33.9484,52.4151, , , , , , ,1
45.763,100.6022,327, , , , , ,1
39.975,25.186, , , , , , ,1
29.0917,57.325, , , , , , ,1
40.77757,69.77919,317.6,200,0.5,0.01,0.1, ,4
39.9069,29.4613,50,120.299,0.168, , , ,4
40.6953,40.7228,83.25, , , , , ,1
29.94,55.81,15.14,16,0.4, , , ,2
38.3,47.3667,19.62, , , , , ,1
46.25667,73.19861,380,324,0.27,0.007,0.024, ,5
42.10674,22.54276, , , , , , ,1
44.86667,21.71667,65,12,0.75, , , ,2
-3.158,119.48,10.7, , , , , ,1
26.98778,-107.71906,51.6, , , , , ,1
46.05,96.4333, , , , , , ,1
8.137,126.046,12.81, , , , , ,1
-16.74854,179.39153, , , , , , ,1
52.46811,-122.27332,215,68.479,0.244, , , ,3
47.2459,85.9564,335, , , , , ,1
38.4416,29.1075,14.49, , , , , ,1
47.01667,77.2,310.45,55,1.1-3.2, ,0.2-2.1, ,3
57.3642,-130.99032,222,1878.81,0.243,0.0157,0.18,1.658,6
35.07,47.5819,83.25, , , , , ,1
64.2075,-143.801,107.4, , , , , ,1
53.65379,-127.09412,82, , , , , ,1
30.4009,55.4933, , , , , , ,1
30.17559,98.57984,39.4, , , , , ,1
-8.857,116.023, ,81.855,0.24, ,0.38, ,3
48.425,18.899,14.18,64,0.16,0.0026,0.12, ,3
36.075,51.017,20.6, , , , , ,1
17.0,106.0, ,31.7,2.24, , , ,3
40.02898,38.6101,40.8, , , , , ,1
30.4833,54.9833,19.62, , , , , ,1
29.9737,55.9121,8.48, , , , , ,1
42.0,74.0, ,1.8,0.26, , , ,2
38.49194,-118.075,105,159,0.46, , , ,4
32.3584,59.0249,37.26, , , , , ,1
42.7106,106.1483,290, , , , , ,1
63.1,-141.1, , , , , , ,1
27.9833,62.0833,28.47, , , , , ,1
33.85,61.85,38.5, , , , , ,1
51.283,117.883,152.5,1100,0.26,0.06,0.09, ,6
51.4501,139.91171,78.25, , , , , ,1
48.775,104.2167,290, , , , , ,1
23.70833,95.51667,44.95, , , , , ,1
37.2917,120.859, ,71,0.047, , , ,3
49.1909,103.7639,290, , , , , ,1
49.6075,105.614,290, , , , , ,1
48.8167,102.5667, , , , , , ,1
33.8667,51.1667,19.62, , , , , ,1
49.5622,105.6305,290, , , , , ,1
49.7667,104.95,290, , , , , ,1
31.1833,117.267,123.6,49,0.4, ,3.5, ,3
34.03819,-112.35407,70.34,40,1.6,0.0035, , ,3
32.4721,59.0276,39.31, , , , , ,1
31.4006,88.9311,116, , , , , ,1
37.3833,47.5833,20.6, , , , , ,1
43.138,127.942, , , , , , ,1
39.0962,46.4728,143.5, , , , , ,1
26.9833,58.3083, , , , , , ,1
38.5,47.125,19.62, , , , , ,1
49.3481,92.1222,290, , , , , ,1
33.867,52.225, , , , , , ,1
36.8419,48.8277,28.47, , , , , ,1
63.63333,165.58333,14.18, , , , , ,1
35.5462,81.6731, , , , , , ,1
44.1808,98.3602,290, , , , , ,1
68.70003,174.33919,85, , , , , ,1
43.942,107.6962,321, , , , , ,1
43.9833,107.7333,290, , , , , ,1
46.01833,4.32806,290, , , , , ,1
24.67996,-99.08487, , , , , , ,1
-22.88056,-69.33889,63.5,1786.376,0.397,0.0205,0.058, ,6
3.396,97.894,10, , , , , ,1
42.776,21.623, , , , , , ,1
39.1715,39.4863, , , , , , ,1
39.32,8.85,19.62, , , , , ,1
42.04122,27.93543,83.25, , , , , ,1
32.40362,-111.52488,64.1,194.5,0.55, , , ,4
60.22612,-135.04891, , , , , , ,1
-2.6285,151.9924, , , , , , ,1
-5.733,150.033,22,200,0.36,0.0061,0.06,2,4
39.1953,39.3749, , , , , , ,1
29.2,57.2667, , , , , , ,1
16.73333,120.76667, ,8,0.51,0.035,0.02, ,2
-4.623,152.047, ,2.051,0.257, ,3.478, ,2
9.81832,122.45562,30.2,807,0.47,0.014,0.05,1.5,6
49.231,139.169,78.25, , , , , ,1
40.4008,38.005,49.95, , , , , ,1
-1.952,101.206,3.96, , , , , ,1
13.71756,-84.7808,61, , , , , ,1
40.6562,40.7224,83.25, , , , , ,1
49.82171,-120.39422,200, , , , , ,1
55.20001,-124.52832,186.9, , , , , ,1
40.47222,23.70361,19.9,568,0.35, ,0.47, ,5
12.15,106.61, , , , , , ,1
57.33251,-126.80196, , , , , , ,1
10.52,124.96,12.81, , , , , ,1
40.0673,29.0895,28.47, , , , , ,1
46.4132,73.99084,310, , , , , ,1
32.43666,-106.58676, , , , , , ,1
38.1924,47.2793,19.5, ,0.05, , , ,1
28.1437,99.9615,221, , , , , ,1
43.5597,83.8413,290, , , , , ,1
44.76501,21.96221,65, , , , , ,1
29.2439,61.9172,16.9, , , , , ,1
54.0107,90.1986,397,233,0.17,0.058, ,2.3,4
32.2167,58.35,165, , , , , ,1
35.7917,57.0167, , , , , , ,1
63.77479,25.25742,1885, , , , , ,1
48.0948,114.7997,290, , , , , ,1
32.86667,83.5,118.45,529,0.55, ,0.08,1.17,5
39.85806,-112.125,36,360,0.33,0.01, , ,5
50.76218,60.05661, , , , , , ,1
41.739,25.314,32.82, , , , , ,1
57.68583,-130.48389, ,8.393,0.18, ,1.268, ,2
-22.83944,-69.30278,57,2637.8,0.461,0.0108, , ,6
52.53244,62.44861, , , , , , ,1
34.48028,-111.86528,1734,40.708,0.31,0.07, ,3.428,3
54.7,157.53333,14.18, , , , , ,1
55.23361,-124.52252,186.9, , , , , ,1
16.75,120.70083, , , , , , ,1
41.056,25.786,19.62, , , , , ,1
47.96667,-80.75,2633, , , , , ,1
49.44862,-117.36363,182.4, , , , , ,1
-5.01667,141.21667,3.9,125,0.521, ,0.052, ,4
32.18345,-109.02187,57.5, , , , , ,1
63.3,-146.699, ,4,1.1, ,1.6,12.6,2
44.01933,-109.63045,28,58.968,0.35, , , ,3
33.64135,-114.37017,57.5,3.357,0.6, , , ,2
41.04167,23.325, , , , , , ,1
-23.60545,150.46152,244.45,100,0.2, , , ,4
39.318,26.256, , , , , , ,1
28.39938,-109.80208,57,87.2,0.43, , , ,3
-0.46965,127.40596,12.81, , , , , ,1
9.56667,122.63333, ,26,0.35,0.015, , ,3
60.8161,-135.48082, , , , , , ,1
48.1978,138.1997, , , , , , ,1
41.93828,27.50634,77.64,8,0.41,0.003,0.08, ,2
9.363,-82.976,14.18, , , , , ,1
11.81667,125.25,10,32.5,0.61, ,0.62,21,3
38.78,-117.95,81,23.1,0.33, ,0.58, ,2
56.50445,-130.2678,196,382,0.406, ,0.76,2.2,5
43.91667,-113.6667, ,15,0.42, , , ,2
16.577,120.68368, ,123,0.35,0.007,0.13,2.4,4
51.20111,132.36139,78.25, , , , , ,1
44.3833,107.6333,290, , , , , ,1
46.61083,25.39389,8, , , , , ,1
-37.51922,148.48857,406.25, , , , , ,1
-3.648,135.802, , , , , , ,1
5.267,117.117, , , , , , ,1
38.6948,46.7028,22.3,3000,0.7,0.005, , ,6
44.62471,-109.75294,44.95, , , , , ,1
31.45111,-110.74611, ,2086.56,0.278,0.0065, ,2.783,6
48.00861,-121.50361,28,64.411,0.319,0.0426,0.023, ,3
54.49139,-127.17972,72, , , , , ,1
36.763,91.0157,238, , , , , ,1
33.3273,-111.01914,60,997.92,0.545, , , ,6
29.3167,57.4417, , , , , , ,1
29.2917,57.4833, , , , , , ,1
9.612,125.445,12.81, , , , , ,1
40.8887,40.0376, , , , , , ,1
64.0016,24.15409,1885, , , , , ,1
-9.69,160.08,1.54, , , , , ,1
-3.761,-78.463,154.9, , , , , ,1
46.8833,115.4889, , , , , , ,1
34.16878,-113.84117,57.5, , , , , ,1
30.2137,55.4237,14.18, , , , , ,1
30.287,55.4093,14.18, , , , , ,1
53.85031,-127.18082,48, , , , , ,1
-2.8167,151.9667, , , , , , ,1
12.37311,122.05087, , , , , , ,1
12.64083,122.14759, , , , , , ,1
63.717,160.033, , , , , , ,1
-24.56667,-67.78333,29,3086,0.419,0.0127,0.071, ,6
48.9667,97.25,290, , , , , ,1
7.034,126.194,12.81, , , , , ,1
27.0134,-107.75442,33.95,3,0.3, ,0.4, ,2
64.02078,24.20568,1885, , , , , ,1
51.46875,120.4625,200, ,0.4, , , ,1
31.69692,118.70651, ,9.167,0.48, , , ,2
34.4259,105.779, ,1.538,0.52, , , ,2
55.70361,-125.24612,177.4, , , , , ,1
4.834,96.594, , , , , , ,1
47.5442,92.787, , , , , , ,1
29.5917,56.2917,24.7,13,0.52, , , ,2
55.84245,61.76742, , , , , , ,1
54.0833,123.8333,290, , , , , ,1
46.26667,22.15,8.2,150,0.35, ,0.6, ,4
13.657,121.156, , , , , , ,1
42.55106,72.76781,444,800,0.18, ,0.29, ,6
57.254,60.797, , , , , , ,1
64.98722,19.77167,1878,44,0.27, , , ,3
33.3833,54.95,44.95, , , , , ,1
55.97201,-125.50392,179,7.2,0.55, , ,4.11,2
8.388,123.066,14.18, , , , , ,1
-30.8647,-70.3305,15.8,600.2,0.312, ,0.323,9.387,5
8.49,126.06,12.81, , , , , ,1
25.66844,-107.3516,53.95,1073.3,0.174,0.0147, , ,6
6.46667,125.05,4.25,2940,0.519,0.0064,0.186, ,6
47.1588,93.1741, , , , , , ,1
18.25739,-66.79069,44.5,126,0.64,0.005,0.38,1.7,4
29.36029,88.68559, , , , , , ,1
29.91047,93.06741,19.88, , , , , ,1
23.17846,-105.77246, , , , , , ,1
-4.085,137.039, , , , , , ,1
5.0333,95.95,9.01,600,0.15,0.02, , ,5
29.1122,62.1017,23.75,214,0.6,0.01, , ,4
-4.474,103.126,13.8, , , , , ,1
35.385,58.607,19.62, , , , , ,1
-6.72528,-78.66944,13.4,149.727,0.72, ,0.27,446,4
0.5166,123.21,3.7,43,0.54, ,0.075, ,3
13.43333,122.0,20.8,177,0.52,0.004,0.12,0.4,4
9.46247,125.46917,12.81, , , , , ,1
9.515,125.457,12.81, , , , , ,1
8.372,123.131, , , , , , ,1
46.8167,104.4333,290, , , , , ,1
51.26691,-123.85722,83.25, , , , , ,1
36.7833,48.4833, , , , , , ,1
-16.93306,144.26611, ,0.176,1.5, , , ,2
53.797,61.008, ,10.25,0.99,0.0003,0.09,7.05,2
51.10441,-123.40002,85.9,15,0.53,0.012,0.53, ,2
40.9312,41.4125,83.25, , , , , ,1
19.69166,-97.14688, , , , , , ,1
-2.82,151.94, , , , , , ,1
63.52083,-141.32361,71.5,68.3,0.275,0.039, , ,3
-17.702,177.53, , , , , , ,1
16.38726,120.84205,3.6,225,0.4,0.008,0.3,1.7,4
13.76439,121.21082,7.32,968,0.217,0.003,0.09,0.675,6
41.118,44.8457,145.8,459.244,0.36,0.022,0.01,0.66,5
41.3771,70.02741,295, , , , , ,1
-1.56667,-79.13333,19.2, , , , , ,1
49.5333,105.2333,290, , , , , ,1
49.05,113.4,290, , , , , ,1
-34.32782,147.46855,436.4,279,0.3, ,0.2, ,5
45.2501,112.119,290, , , , , ,1
19.13023,-102.93794, ,225.686,0.189,0.0044,0.274,1.568,4
39.63,27.1069,25.25,24.1,0.328,0.042, , ,2
19.51667,-72.7,66, , , , , ,1
49.5167,95.8167, , , , , , ,1
63.1795,-142.9162,70, , , , , ,1
49.62973,-124.31168, , , , , , ,1
49.83691,-120.56722,200, , , , , ,1
-37.09583,175.55722,11.2, , , , , ,1
38.0406,-107.67041,57.5, , , , , ,1
62.81,-144.08, , , , , , ,1
7.3978,126.0397,12.81, , , , , ,1
54.75001,-126.3378,78.3, , , , , ,1
50.00786,-120.00409, ,36.75,1.3, , , ,3
-37.6078,142.6124,500.6,28.1,0.4, , , ,3
-17.01808,-71.77417, ,746.064,0.352, , , ,6
19.21736,-100.48364,131,500,0.6, ,0.1, ,5
42.54222,126.95028,120.8, , , , , ,1
17.6167,120.8667, , , , , , ,1
-18.59333,-69.45, ,500,0.2, , , ,5
32.883,83.517,120.1,2089,0.53, ,0.13, ,6
14.03,108.55, , , , , , ,1
63.38198,24.24007,1885, , , , , ,1
-5.046,141.208, , , , , , ,1
32.1083,60.5833,16.95, , , , , ,1
44.0312,21.9999, , , , , , ,1
51.93701,-121.24922,219.15, , , , , ,1
55.83081,-125.32252,177.4, , , , , ,1
39.29515,-106.47345,36, , , , , ,1
45.56667,22.23333,65, , , , , ,1
29.1114,63.7436,23.84, , , , , ,1
29.59393,90.04799,15.9, , , , , ,1
-13.68611,-75.09306,100, , , , , ,1
-14.90833,-71.31333,41.9,89,1.167, ,0.186, ,3
-7.93,111.088, , , , , , ,1
-8.474,157.793, , , , , , ,1
6.063,-75.811, ,503.7,0.104, ,0.358, ,5
-19.99371,146.69196,395, , , , , ,1
1.137,127.677,3.96, , , , , ,1
49.7333,105.3,290, , , , , ,1
-22.41667,-68.95,37.8,2550,0.47, , , ,6
15.31977,-92.33076,5.75, , , , , ,1
0.3452,123.4,2.6,400.6,0.48, ,0.43,1.66,5
38.5667,-106.3702,44.95,1002,0.19,0.031,0.015,1.8,6
54.93769,61.22972,427,331.1,0.47, ,0.12, ,5
56.5139,-4.1275, , , , , , ,1
22.79955,103.03607,34.4, ,1.25,0.218, , ,1
29.01361,117.72444,171.6,1130.43,0.46,0.01,0.19, ,6
29.9987,114.839,143.8,45,0.94,0.04, , ,3
35.36668,111.67056,2105.7,440,0.69,0.0032, ,0.22,5
50.1166,125.768,473,27.23,1.2, ,0.77,8.013,3
39.8897,29.4653,46.74,120,0.17, , , ,4
-17.245,-70.61389,57.1,5373.425,0.327,0.013, , ,6
-11.6,-76.13333,7.4,2168,0.447,0.0171, ,7.076,6
44.0953,107.7509,290, , , , , ,1
-20.42472,146.77861,285, , , , , ,1
40.7438,40.6025, , , , , , ,1
55.41223,-126.31224,49, , , , , ,1
-14.49639,-72.87278,29.34,1176,0.422,0.0079, ,2.517,6
62.8777,-149.2943,49.95, , , , , ,1
56.58333,-130.13333, ,641.93,0.15, ,0.91,5.45,5
-8.266,111.812, , , , , , ,1
19.74718,-72.64409, , , , , , ,1
47.09194,-84.47833,1098.28,165,0.15,0.03, , ,4
46.13998,23.13901,12.6, , , , , ,1
63.3702,-142.5104,57.5, , , , , ,1
51.01024,-74.46643, ,98.05,0.094, ,0.973, ,4
53.545,-127.36833,77.69, , , , , ,1
62.0469,-140.98252, , , , , , ,1
49.0817,103.8978,290, , , , , ,1
48.596,104.593,290, , , , , ,1
45.8948,102.8991,290, , , , , ,1
43.8605,108.3441,370.4,240,0.53,0.018,0.08, ,4
42.35528,24.33917,90,6.6,0.47, , , ,2
45.95,100.1694,290, , , , , ,1
48.6,98.95, , , , , , ,1
40.44167,23.725,26.9, , , , , ,1
41.1,44.5833, , , , , , ,1
45.8167,104.3667,290, , , , , ,1
49.1333,105.7,290, , , , , ,1
43.9,107.65,290, , , , , ,1
39.923,29.617,49.18, , , , , ,1
-8.583,114.017,4.303,1942,0.5, ,0.5, ,6
14.928,-86.906,61, , , , , ,1
19.70017,-97.84979,17.8, , , , , ,1
54.28333,157.66667,14.9, , , , , ,1
-4.25,-79.25,147, , , , , ,1
35.9304,97.6613, , , , , , ,1
-46.03333,-72.15,100, , , , , ,1
39.6793,30.7812,67, , , , , ,1
50.19311,-120.60942,187.7, , , , , ,1
46.7167,104.7667,290, , , , , ,1
31.77392,-109.82401,57.5, , , , , ,1
48.2012,102.9799,290, , , , , ,1
61.2903,-134.82252,219.15, , , , , ,1
-17.696,177.599,3.96, , , , , ,1
42.1038,92.5576,324.5,674.34,0.61,0.001,0.1,1.28,5
52.6641,125.011, , , , , , ,1
31.89278,-111.03528,54.7,117,0.473,0.025, ,3.993,4
31.76806,-110.46194,74,29.03,0.28,0.01, , ,3
59.48,162.98,14.18, , , , , ,1
32.64401,-108.37229,55,1145,0.283, , , ,6
-5.611,150.942,23.5, , , , , ,1
35.2723,58.6071, , , , , , ,1
17.46667,120.85, , , , , , ,1
50.75573,138.7646,78.25, , , , , ,1
50.03171,-126.81252,38, , , , , ,1
-20.99278,-68.63722,35.2,1298,0.71, , , ,6
44.0333,106.2,290, , , , , ,1
48.2012,102.9799,290, , , , , ,1
44.4464,109.5385,290, , , , , ,1
46.8574,104.1268,214, , , , , ,1
48.2167,102.8667,290, , , , , ,1
44.4,108.1,290, , , , , ,1
43.1244,106.9066,361.4, , , , , ,1
44.815,112.852,134.1, , , , , ,1
49.6167,89.1167,290, , , , , ,1
43.6,108.15,290, , , , , ,1
9.83056,122.5,24.94, , , , , ,1
48.7,102.7667,290, , , , , ,1
46.7379,104.8669,290, , , , , ,1
46.7292,104.7542,290, , , , , ,1
62.8597,-149.3179, , , , , , ,1
45.3834,84.0366,290, , , , , ,1
45.9538,84.4013,290, , , , , ,1
46.0183,84.4441,290, , , , , ,1
45.8639,84.509,290, , , , , ,1
45.9651,84.6566,290, , , , , ,1
46.0835,84.7486,290, , , , , ,1
45.9517,84.8483,290, , , , , ,1
46.0988,84.9336,290, , , , , ,1
45.5833,102.7333, , , , , , ,1
46.7167,103.1333,290, , , , , ,1
46.6347,104.85,290, , , , , ,1
47.25,105.2667,290, , , , , ,1
43.3833,106.5,290, , , , , ,1
48.9833,113.4,290, , , , , ,1
48.9333,113.45,290, , , , , ,1
48.8556,113.5292,290, , , , , ,1
44.24102,116.32132, , , , , , ,1
49.35532,116.5891, , , , , , ,1
49.49182,116.67038, , , , , , ,1
43.71713,117.32251, , , , , , ,1
43.77012,118.75876, , , , , , ,1
44.38076,119.38422, , , , , , ,1
43.84739,119.49401, , , , , , ,1
47.16599,119.91763, , , , , , ,1
51.45205,120.19965, , , , , , ,1
50.805,120.81687, , , , , , ,1
48.71693,120.89251, , , , , , ,1
47.99314,121.30024, , , , , , ,1
53.24377,121.69992, , , , , , ,1
52.19933,124.34076, , , , , , ,1
51.20266,126.66599, , , , , , ,1
51.1189,126.71345, , , , , , ,1
-5.613,150.918, , , , , , ,1
-3.341,151.888, , , , , , ,1
-3.388,151.977, , , , , , ,1
67.6804,-148.814,388, , , , , ,1
58.983,-136.341,35.5, , , , , ,1
66.1809,-155.8346,81.9, , , , , ,1
62.1096,-141.6273, , , , , , ,1
62.2845,-148.9806, , , , , , ,1
62.79,-144.01, , , , , , ,1
62.1803,-142.8361,109.5, , , , , ,1
55.40979,-133.29892, , , , , , ,1
56.34,-157.88, , , , , , ,1
62.2169,-142.9296, , , , , , ,1
62.0786,-141.2527,111, , , , , ,1
55.254,-160.633,14.6, , , , , ,1
57.9119,-136.3477, , , , , , ,1
62.9,-144.08, , , , , , ,1
7.37496,126.03327,12.81, , , , , ,1
49.233,113.4793,290, , , , , ,1
8.439,125.87,12.81, , , , , ,1
49.4167,105.4167,290, , , , , ,1
38.3667,39.1188,83.25, , , , , ,1
41.6955,28.06963,83.25, , , , , ,1
66.525,19.81361,1889, , , , , ,1
46.1137,22.8668,12.81, , , , , ,1
45.71039,22.27747,74.68, , , , , ,1
46.08367,22.86405,11.35,100,0.25, ,0.31, ,4
46.14889,22.99502,15, , , , , ,1
-29.13005,-69.86656,9.95,1413,0.5,0.0062,0.2,0.96,6
44.20327,21.93694, ,485,0.2, ,0.04, ,5
-30.52519,-70.68457, ,27.891,0.075, ,0.533,8.28,3
61.9999,28.78237,1880, , , , , ,1
52.94492,62.15242,310,70.75,0.488, ,0.966,0.5,3
41.145,22.975,17.5,15,0.3, ,0.8, ,2
63.55,158.833,80, , , , , ,1
55.20171,-124.88862,186.9, , , , , ,1
-32.92127,147.99828,439.2, , , , , ,1
32.5822,-112.05991, ,95.3,0.56,0.014, , ,4
44.12183,22.11548,87.9,1091.3,0.321,0.0218,0.07,0.4,6
42.145,27.743, , , , , , ,1
31.46157,-110.77127,57.5, , , , , ,1
67.63333,-149.33333,390, , , , , ,1
46.5333,136.4303, , , , , , ,1
66.11667,164.38333,83.25, , , , , ,1
41.0662,45.0584, , , , , , ,1
50.46171,-121.01972,206.3, , , , , ,1
40.32856,-114.55157, , , , , , ,1
16.84,120.8, , , , , , ,1
-29.83194,-69.88333,13.5, ,0.85-2.16, ,0.24-0.37, ,1
59.06072,152.31785,0.7, , , , , ,1
15.151,121.1667, , , , , , ,1
63.25017,24.19981,1885, , , , , ,1
49.34061,-120.51192,201.6,1.305,0.42, , , ,2
-32.88333,-70.23333,11.2,1141,0.42,0.014, , ,6
42.353,24.21382,87.24,85,0.23, , , ,3
46.06111,22.96667,11.6, , , , , ,1
49.33971,-120.50082,201.6, , , , , ,1
45.3469,74.39088, , ,0.7, ,0.25,5,1
54.63333,59.8,381, , , , , ,1
48.43,18.78,14.5,18,0.8, ,0.6, ,2
-17.681,177.496, , , , , , ,1
48.443,18.886,15,66,0.34, ,0.67,5,3
-3.671,137.047, , , , , , ,1
7.36702,125.91679,12.81, , , , , ,1
-17.877,177.941, , , , , , ,1
-21.80807,148.81505,122.75, , , , , ,1
-18.056,178.187,6.3,23,0.75, ,0.25, ,2
-2.161,147.03, , , , , , ,1
-6.75,146.283,12,45,0.3, ,0.12, ,3
26.16251,100.18736,29, , , , , ,1
27.1493,119.327, ,4.554,1.01, , , ,2
-3.78333,-78.6,154,206.635,0.41,0.03, , ,4
56.15,-158.41,6.5, , , , , ,1
29.89501,-110.0678,45.7,1.2,1.8,0.106,0.172,15.8,2
-4.724,142.371, , , , , , ,1
39.0,-119.2167, ,78.3,0.36, , , ,3
-4.397,152.9, , , , , , ,1
49.37501,-120.89692, , , , , , ,1
62.413,-149.3233, , , , , , ,1
34.601,105.113,214, , , , , ,1
-32.62167,-70.25556, ,1465,0.504,0.0083,0.05, ,6
-42.0,145.5833, ,12.4,1.3, ,0.3, ,2
49.29331,-120.75942, , , , , , ,1
61.95872,-152.59325,76.4,225,0.157, ,0.439,1.827,4
-24.8065,150.875,244.3,242,0.117,0.0239, ,1.54,4
53.75833,-127.215,82.9,31.6,0.06,0.0672, , ,3
49.88333,-117.36667,185,5.2,0.44, ,1.89,6.36,2
62.3489,-136.69362,212.5,33.078,0.777, ,0.264,3.011,3
50.33501,-120.86142,187.7, , , , , ,1
57.6822,-130.17172,205.1, , , , , ,1
55.21531,-126.36722, , , , , , ,1
58.1203,-131.67812, , , , , , ,1
50.61417,-120.53085,219.15, , , , , ,1
52.25723,-121.38113,196.9,268.6,0.296, ,0.11, ,5
46.12972,-67.5175, ,21,0.18, , , ,2
-34.3011,147.4178,436.4, , , , , ,1
51.53112,-120.28668, , , , , , ,1
30.1741,55.0668,8.48, , , , , ,1
37.2535,91.8303,215, , , , , ,1
45.3581,90.6808, , , , , , ,1
49.4239,117.301,177.6,478.261,0.46,0.0544, , ,5
43.4467,113.818,290, , , , , ,1
29.7465,115.64612,145.5, , , , , ,1
42.3794,99.0418,332, , , , , ,1
-2.102,146.926, , , , , , ,1
29.85738,92.29477,14.18, , , , , ,1
29.57721,91.78348,14.18, , , , , ,1
45.2734,116.433,290, , , , , ,1
51.667,124.75,148.5, ,0.4-0.5,0.06-0.1, , ,1
25.6,100.5,28.47, , , , , ,1
41.05,118.601,122.83,18,0.73,0.086, , ,2
43.2133,130.88499,110.3,72.424,1.46, ,0.73,2.92,3
31.71913,97.34757,46, , , , , ,1
46.7048,85.498,422.5, , , , , ,1
29.36288,88.43006,158.1,219.8,0.43, ,0.61,3.87,4
27.49063,101.01747,32.1,64.286,0.28, ,0.31, ,3
46.857,89.2245,327.1, , , , , ,1
46.5709,90.0597,376.9,0.53,0.34, , , ,2
42.95,128.41701, , , , , , ,1
29.64,88.67,172.6,388.9,0.32, ,0.18,0.87,5
28.0089,99.8095,221.4,60,0.5, ,0.06,1.4,3
54.994,61.003,347, , , , , ,1
42.4202,119.83, , , , , , ,1
-32.13778,-69.43917,279.9, , , , , ,1
66.29347,63.7334,330, , , , , ,1
-5.75,145.16667,6.44,747.616,0.325,0.0092,0.068, ,6
43.4477,117.493,138.5, , , , , ,1
51.2473,133.7553,78.25, , , , , ,1
50.59281,-127.45582,174, , , , , ,1
48.8667,104.6667, , , , , , ,1
48.7833,101.3167, , , , , , ,1
5.57715,-75.63203,14.18,66.271,0.09, ,0.58, ,3
48.9333,104.8333, , , , , , ,1
-5.616,150.955,23.5, , , , , ,1
37.1402,91.3165,224, , , , , ,1
50.8908,59.83191, , , , , , ,1
43.90359,-109.33709,44.95, , , , , ,1
36.9964,91.9758, , , , , , ,1
-32.7283,148.6432,402,12.9,0.38,0.01,0.14,2.2,2
-22.9981,150.6937,220,50,0.3,0.01, , ,3
38.98,-119.2,168.5,278.964,0.249, , , ,5
-34.0465,147.3344,438,127,0.32, ,0.14, ,4
35.3729,99.7202, , , , , , ,1
28.9718,117.596,178.2,83,0.52, ,0.8, ,3
61.60898,23.49905,1870,4,0.7, ,0.068,12.5,2
41.2968,41.3029,49.95, , , , , ,1
28.1983,117.762,156, , , , , ,1
23.804,111.688,156,600,0.163,0.0433, , ,5
50.38001,-120.95812,206.3, , , , , ,1
48.92342,58.67924,374,60,0.37, ,2, ,3
40.9521,41.1507,49.95, , , , , ,1
46.6027,90.0192,376.9, , , , , ,1
31.40955,97.73026,39.72,850,0.84,0.022,0.35, ,6
33.84028,-113.75,187.7, , , , , ,1
53.38333,158.0,14.18, , , , , ,1
33.1772,52.4799,19.62, , , , , ,1
-16.03865,-72.2389, ,531.9,0.36, ,0.069, ,5
34.4083,52.3917,51.9, , , , , ,1
48.8167,102.7,290, , , , , ,1
29.05,57.3083, , , , , , ,1
38.6167,46.9333,19.62, , , , , ,1
39.4,38.516,51.9, , , , , ,1
44.6581,134.65, , , , , , ,1
36.525,57.2083, , , , , , ,1
38.306,47.287,19.62, , , , , ,1
29.0083,57.6667, , , , , , ,1
33.08,52.2835,19.62, , , , , ,1
54.53822,61.0293,418.3, , , , , ,1
29.37532,88.34965, , , , , , ,1
-6.99,146.527, , , , , , ,1
49.1,113.85,290, , , , , ,1
31.20425,97.81515,38.5,99.5,0.32,0.03,0.03, ,4
52.843,117.36,162.5,130,0.1,0.099, , ,4
25.1836,116.435, , , , , , ,1
24.37,117.123,83.25, , , , , ,1
28.5523,99.9515,290, , , , , ,1
29.65531,87.46889,14.15,400,0.57, , , ,5
29.02345,117.69327,170,142.86,0.42,0.01,0.1,2.06,4
29.4604,64.4927,19.5, , , , , ,1
29.4556,64.3774,21, , , , , ,1
29.2342,63.9006,37.2, , , , , ,1
25.1801,116.401,105,536,0.476, ,0.155, ,5
50.606,139.52,78.25, , , , , ,1
42.03,22.12,15, , , , , ,1
48.08333,138.16667,83.25, , , , , ,1
29.48728,90.05306,14.18, , , , , ,1
48.726,98.3725,250, , , , , ,1
48.71667,98.34167,260, , , , , ,1
43.2857,101.732,290, , , , , ,1
48.9,104.8, , , , , , ,1
49.2149,104.2263,290, , , , , ,1
46.8389,115.5333, , , , , , ,1
43.9824,99.2196,290,650,0.063,0.0464, , ,5
48.8,102.0667,290, , , , , ,1
49.0833,105.05,290, , , , , ,1
54.83528,-127.94363,89, , , , , ,1
